Term1,Term2,BioBERT_Cosine_Similarity,BioBERT_fine_tune_notes_Cosine_Similarity,BioBERT_fine_tune_notes_preprocess_Cosine_Similarity,ClinicalBERT_Cosine_Similarity,ClinicalBERT_fine_tune_notes_Cosine_Similarity,ClinicalBERT_fine_tune_notes_preprocess_Cosine_Similarity,BlueBERT_Cosine_Similarity,BlueBERT_fine_tune_notes_Cosine_Similarity,BlueBERT_fine_tune_notes_preprocess_Cosine_Similarity,BioGPT_Cosine_Similarity,BioGPT_fine_tune_notes_Cosine_Similarity,BioGPT_fine_tune_notes_preprocess_Cosine_Similarity
Glaucoma,Fibrillation,0.7763562,0.3962307,0.3943315,0.81183684,0.58872354,0.5481152,0.6898396,0.44838542,0.35608953,0.97021115,0.99827033,0.9912735
Carbatrol,Dilantin,0.9112866,0.8590729,0.81613564,0.8195352,0.6498673,0.52418894,0.8322026,0.7287816,0.7167324,0.92353725,0.98987865,0.99050593
Cardiomyopathy,Tylenol,0.7617625,0.32482818,0.33123702,0.8032482,0.56506115,0.5425209,0.6835428,0.35460934,0.27396116,0.93534696,0.9987581,0.9974066
Herpes,Hyperthyroidism,0.8025385,0.58925223,0.5431251,0.83667123,0.7095587,0.6399549,0.72843885,0.46092737,0.4291849,0.93582857,0.9989819,0.98824847
Seasickness,Nausea,0.8392559,0.6524942,0.5065044,0.8290545,0.7562705,0.612869,0.77687836,0.57493156,0.45974818,0.9129413,0.9916596,0.9978283
Coccidioidomycosis,Histoplasmosis,0.8991314,0.8127156,0.8122643,0.8835485,0.7916859,0.72144604,0.79844975,0.70194817,0.6802367,0.90284073,0.99963313,0.9974258
Angina,Plavix,0.7663538,0.33458614,0.22384852,0.8566223,0.8047993,0.7403197,0.79751235,0.5041711,0.40832195,0.9306326,0.99714696,0.99927306
Zofran,Ipecac Syrup,0.9190434,0.86780024,0.8237489,0.8772049,0.82747376,0.7093084,0.75330096,0.3010034,0.38025364,0.89207286,0.99910873,0.9968879
Seizures,Insulin,0.85698855,0.58522964,0.40704125,0.7490012,0.5049951,0.4142555,0.86924577,0.70342565,0.78275687,0.93641317,0.99581087,0.99841493
Septicemia,Dyspnea,0.8081353,0.36355543,0.35048962,0.7792984,0.6835458,0.58474183,0.7778432,0.50154555,0.4343685,0.9339578,0.9993467,0.9975253
Nystagmus,Incontinence,0.754024,0.22148249,0.3396607,0.7991521,0.52676105,0.44482747,0.6021165,0.2177817,0.24714485,0.9271736,0.9941068,0.9993371
Seasickness,Ethanol,0.83317864,0.66650736,0.54155886,0.794232,0.6971899,0.6399377,0.6763613,0.50024754,0.44686162,0.9019068,0.97125274,0.9966001
Earache,Hyperacusis,0.8362613,0.65602005,0.55924934,0.84987664,0.71436924,0.6151525,0.76663876,0.5473555,0.5528054,0.91102934,0.99882644,0.9957134
Plague,Cholestyramine,0.7503098,0.45275694,0.51933265,0.78356135,0.6424952,0.5330541,0.7520362,0.556158,0.46400142,0.92812777,0.990634,0.9994176
Zovirax,Famvir,0.9266526,0.81831074,0.84711134,0.94170773,0.9250713,0.903141,0.74243265,0.6442122,0.66709316,0.8984443,0.9970611,0.9994227
Nausea,Vomiting,0.9202299,0.76073146,0.88747716,0.908653,0.873637,0.8320396,0.9308946,0.9166355,0.92425114,0.9347805,0.9915085,0.9945496
Ketonuria,Chyluria,0.90164196,0.65392447,0.6929003,0.9317241,0.82403386,0.5942224,0.79194826,0.60079783,0.4974372,0.9175345,0.9971435,0.9954287
Convulsion,Ethanol,0.78786147,0.43914932,0.4094684,0.78373617,0.5125166,0.49455065,0.6449814,0.46159536,0.46076748,0.9176079,0.98224664,0.9994991
Parasitemia,Malaria,0.915829,0.7699288,0.80447507,0.9306253,0.8870008,0.8240251,0.8818332,0.8058784,0.7951929,0.92867804,0.9852407,0.99374974
Proteinuria,Diabetes,0.83254826,0.5551934,0.5615783,0.8903271,0.77578723,0.6161438,0.7861205,0.5664345,0.45868245,0.9183309,0.99824125,0.9891807
Gastroenteritis,Cromolyn,0.77813655,0.32469815,0.39666227,0.8313868,0.57038414,0.47485873,0.67811406,0.22157359,0.3464984,0.89337105,0.9827819,0.9975968
Hypoproteinemia,Hunger,0.77066034,0.5712963,0.523298,0.7456472,0.623543,0.58670306,0.6450872,0.40496758,0.3551289,0.95162636,0.9995869,0.99851793
Spiriva,Serevent,0.83949673,0.73736596,0.59930205,0.87728107,0.80382085,0.6747489,0.8364084,0.7527537,0.759546,0.9250451,0.99876946,0.98723185
Ketonuria,Folic Acid,0.8344199,0.6183113,0.57363534,0.86014265,0.81705153,0.75603426,0.7067887,0.4436595,0.44644275,0.9143503,0.9952,0.9938031
Insulin,Glucagen,0.8411198,0.6927937,0.6681583,0.83944976,0.7857598,0.705124,0.70800483,0.4453919,0.43628117,0.94510937,0.9995156,0.9899981
Cataracts,Wheezing,0.7657453,0.2959411,0.30287468,0.7301377,0.5872996,0.39881444,0.74003804,0.36891615,0.29497498,0.9383553,0.9993618,0.9995999
Methadone,Ultram,0.7856768,0.5690088,0.43589577,0.8784468,0.77331424,0.67474437,0.70813096,0.5287128,0.4298844,0.9558529,0.9990225,0.99898356
Diabetes,Psoriasis,0.8080006,0.5829174,0.53355706,0.83434355,0.69718665,0.55613136,0.67486703,0.49346793,0.34751883,0.97449315,0.9992511,0.9997352
Blanching,Pallor,0.8614254,0.69537425,0.616555,0.84766287,0.6285838,0.49114516,0.8173714,0.67914295,0.6168547,0.90952605,0.99763775,0.99717903
Thirsty,Lasix,0.8389959,0.63647735,0.5735464,0.7372749,0.5991681,0.52532756,0.8757863,0.7417041,0.7855078,0.9261063,0.99489987,0.9943787
Photosensitization,Aphonia,0.76637113,0.51924425,0.41219732,0.78111106,0.5765332,0.48211667,0.6929565,0.46579483,0.3985414,0.89667976,0.99894553,0.976862
Polyuria,Chyluria,0.88889515,0.79723096,0.85591567,0.95024824,0.9039804,0.8413168,0.8433389,0.66477305,0.5870638,0.9061659,0.99839425,0.9851504
Psoriasis,Meningism,0.82903135,0.51727724,0.44732636,0.8753081,0.6675284,0.55190134,0.74777496,0.4910846,0.3542769,0.9416856,0.9996224,0.9911338
Virilism,Drooling,0.8335304,0.5032705,0.51295626,0.80502564,0.7879043,0.63623244,0.7712132,0.54618967,0.4767882,0.9232165,0.9990134,0.9944179
Comatose,Hepatitis,0.75475377,0.2835914,0.30289015,0.8607764,0.6394596,0.5605092,0.89802355,0.7990987,0.68899345,0.95437205,0.997869,0.9984137
Sleeplessness,Agitation,0.8532646,0.70706713,0.5456921,0.81572306,0.7766944,0.6962222,0.79022247,0.60210943,0.4789458,0.9025258,0.9992236,0.9988587
Neuropathy,Glucophage,0.7897975,0.38750786,0.2989143,0.8327267,0.5010119,0.3476826,0.6716975,0.35251775,0.35037434,0.93236464,0.9888519,0.99924564
Psoriasis,Arthritis,0.8906115,0.72130185,0.7209163,0.90477633,0.8119253,0.7525351,0.66825193,0.54306585,0.39006168,0.97086096,0.9996007,0.99789727
Tuberculosis,Clubbing,0.8541399,0.66812897,0.48488083,0.77836704,0.6125984,0.51012385,0.79312694,0.7002126,0.55419683,0.9393855,0.99698555,0.9964602
Obesity,Diabetes,0.88152564,0.78631747,0.745602,0.89603233,0.8547262,0.80277234,0.942848,0.8800203,0.8557154,0.9761333,0.99951386,0.9957681
Thromboembolism,Hemoptysis,0.8170675,0.6421225,0.598119,0.8339399,0.6827642,0.6472142,0.7675152,0.6229739,0.52312326,0.9505232,0.9918734,0.9977944
Pneumoniae,Ceftiaxone,0.7735574,0.5757978,0.5667762,0.8177488,0.77180564,0.72247446,0.7598968,0.6359409,0.62273,0.91963875,0.99867076,0.9966248
Cardura,Hytrin,0.91644156,0.8268721,0.7296072,0.8073721,0.70311534,0.5304091,0.8515638,0.7037205,0.7092124,0.92017704,0.9982399,0.9973862
Cataracts,Glucophage,0.7992375,0.40960008,0.39285433,0.8179662,0.6576792,0.53593844,0.69674104,0.39864948,0.3954818,0.921987,0.99693346,0.9953469
Cirrhosis,Banana Bag,0.747264,0.360871,0.3853861,0.7233739,0.56590474,0.49465454,0.69271266,0.32780725,0.28696775,0.9029414,0.99670494,0.9878219
Seizures,Carbatrol,0.82396567,0.5851684,0.41197985,0.77316374,0.61193824,0.518644,0.79422337,0.65060806,0.6643817,0.95477146,0.9924936,0.99175894
Cataracts,Insulin,0.7620247,0.41125977,0.41484433,0.6991478,0.5576587,0.42207575,0.6980342,0.36732128,0.3345014,0.9298315,0.9980391,0.999475
Anemia,Reticulocytosis,0.857645,0.6978127,0.7506398,0.84726167,0.7059837,0.6970428,0.7138203,0.5713508,0.6240228,0.92596966,0.98713607,0.9927734
Convulsion,Carbatrol,0.80126005,0.49314266,0.4116741,0.77530456,0.5516336,0.45010728,0.7370539,0.57206655,0.4838333,0.94094545,0.9951174,0.9909465
Osteoporosis,Prednisolone,0.7979824,0.5878298,0.5545854,0.82418835,0.73795635,0.66679275,0.71779186,0.51014626,0.46197063,0.91330767,0.99377626,0.99885476
Seizures,Dilantin,0.8390628,0.5959314,0.42106542,0.86159515,0.8512591,0.7875893,0.80672556,0.6087538,0.6492466,0.93169713,0.9997104,0.997691
Garlic,Fish Oil,0.88239187,0.83642447,0.8042528,0.84173197,0.6845256,0.7698912,0.80976486,0.7012091,0.623862,0.95234525,0.999415,0.990451
Dyslipidemia,Fish Oil,0.76987207,0.56839126,0.50258857,0.6844752,0.5543984,0.49114782,0.7254328,0.5102751,0.46678567,0.9461366,0.98630065,0.9946705
Fibrillation,Angina,0.82452965,0.8330349,0.6682273,0.856588,0.80209285,0.7227354,0.7882301,0.70044696,0.5694903,0.9216312,0.9992043,0.9984692
Cefoxitin,Ceftiaxone,0.91604936,0.87585974,0.83565104,0.9594897,0.9533968,0.9448681,0.86850846,0.84566194,0.8218,0.9727974,0.99825615,0.99987364
Deafness,Ataxia,0.8694483,0.72101295,0.7136624,0.8873557,0.8615085,0.81432426,0.83074975,0.70866376,0.5822547,0.9191791,0.9987996,0.99646413
Penicillin,Cefazolin,0.9081914,0.882203,0.8548591,0.9239887,0.89774287,0.8850771,0.82331693,0.75335824,0.7119816,0.9480524,0.9984311,0.99653673
Diabetes,Insulin,0.965617,0.9346393,0.83537984,0.86373615,0.82084334,0.8026715,0.9486116,0.92097604,0.93684626,0.9658907,0.99945736,0.9996658
Hemochromatosis,Anosmia,0.84597886,0.6697552,0.57887995,0.8897104,0.73823375,0.72355956,0.75765353,0.5138919,0.493806,0.92093766,0.99400914,0.9924588
Ischemias,Mittelschmerz,0.68427026,0.40395778,0.3791023,0.744835,0.5587498,0.4809616,0.53500783,0.37014785,0.3642579,0.8844865,0.9979319,0.9871857
Pallor,Aspirin,0.84744596,0.62274146,0.53569543,0.7622051,0.4189778,0.3973921,0.6721519,0.45066482,0.46498555,0.9281937,0.9997375,0.9961399
Earache,Crowning,0.8263484,0.5363773,0.3693633,0.75685334,0.7230408,0.5894462,0.87801695,0.6596825,0.6344917,0.9275012,0.99645615,0.99378186
Herpes,Cholestasis,0.8180344,0.30711475,0.38573033,0.8465213,0.6215439,0.555218,0.7473913,0.4005267,0.36192787,0.9311609,0.9965508,0.99703777
Dyslipidemia,Cholestyramine,0.8430457,0.62142944,0.62902755,0.8258147,0.6866727,0.64281934,0.7434882,0.5050723,0.5067729,0.9227949,0.99709946,0.9948509
Rabies,Acne,0.7946985,0.5246952,0.443824,0.8243286,0.6981995,0.51054657,0.7523799,0.55339,0.4793713,0.9491438,0.9982673,0.995633
Plague,Adenitis,0.8191806,0.5464409,0.45833075,0.8604612,0.7677142,0.6885139,0.8786721,0.6693853,0.5791525,0.93351954,0.99869716,0.9987171
Chyluria,Menouria,0.8763149,0.7056742,0.8153258,0.8845173,0.83263534,0.66831684,0.7555583,0.4896596,0.44754842,0.92145455,0.99637383,0.99936455
Alcohol,Antabuse,0.8286733,0.70152164,0.48160726,0.83678085,0.76138836,0.63925564,0.8196365,0.76394016,0.70935464,0.9320783,0.9994581,0.9955433
Codeine,Narcan,0.88437176,0.82117337,0.5858525,0.8429864,0.72901565,0.584255,0.76501715,0.6900575,0.6960337,0.92122656,0.99908763,0.9893812
Coumadin,Aspirin,0.89290774,0.7723557,0.7179724,0.924671,0.8780989,0.827317,0.7603182,0.57291853,0.59768724,0.8981707,0.99682546,0.9923256
Vancocin,Glucotrol,0.9022796,0.79956573,0.7087176,0.86994684,0.79138255,0.71868193,0.73799384,0.54673666,0.533163,0.94277126,0.99891925,0.999424
Coccidioses,Meningitis,0.87227213,0.65542805,0.6753099,0.8478459,0.58811927,0.5870638,0.7626351,0.56873786,0.55087346,0.9015759,0.9968151,0.99912906
Pallor,Coumadin,0.8840157,0.7324599,0.6939272,0.77838624,0.4387181,0.4433033,0.7922845,0.72028303,0.66822916,0.89590216,0.9981511,0.99896514
Aneurysm,Osteoporosis,0.7511487,0.5050204,0.5077282,0.75090456,0.5502513,0.42023617,0.722003,0.40323314,0.39217103,0.9657532,0.9992155,0.99918854
Ischemias,Toprol-XR,0.75267804,0.5120729,0.4177629,0.78051406,0.58734244,0.46357295,0.7599199,0.55765337,0.563349,0.9123091,0.9931296,0.99887115
Flatulence,Glucagen,0.8149408,0.56900275,0.5702655,0.8404684,0.69989,0.48722333,0.7082737,0.4851983,0.4523395,0.9168431,0.9972053,0.9939619
Cefazolin,Keflex,0.8279049,0.67934704,0.6134147,0.9002764,0.8417727,0.7776327,0.700763,0.5317162,0.48385772,0.93122923,0.99771297,0.9958495
Osteoporosis,Thrombus,0.80945694,0.58542866,0.5319799,0.729098,0.5596627,0.42311496,0.73935866,0.49883437,0.41015333,0.95182496,0.9916258,0.99956125
Encephalitis,Meningitis,0.8854729,0.7499964,0.765576,0.89775777,0.75342065,0.79404646,0.8181691,0.80041116,0.77113473,0.9570767,0.9994794,0.9993849
Hemophilia,Thromboembolism,0.8195933,0.5090886,0.54538226,0.78508353,0.5693341,0.46721247,0.79244506,0.64671594,0.6235059,0.94466114,0.99269974,0.9972182
Arthritis,Arthralgia,0.9286493,0.85888505,0.78232896,0.93249476,0.85319906,0.778255,0.6941292,0.59930193,0.5391977,0.93625057,0.9992795,0.9978563
Urethrorrhea,Tremor,0.825271,0.18316886,0.251876,0.8365078,0.57209593,0.32498157,0.67262936,0.32719675,0.33217102,0.917358,0.9833679,0.995934
Anovulation,Carboplatin,0.8035961,0.6205378,0.5734892,0.79333353,0.68233615,0.5458647,0.71978164,0.53151673,0.47786823,0.9255028,0.99969923,0.9982697
Albumin,Heparin,0.8834129,0.6965374,0.6736922,0.84672153,0.71581835,0.6636639,0.8359097,0.6060459,0.57103,0.97454476,0.9986915,0.9991969
Polyuria,Insulin,0.83818567,0.40093917,0.4615643,0.770136,0.6615578,0.5151215,0.7764756,0.6077728,0.48454514,0.935295,0.9984826,0.99884176
Snoring,Stridor,0.8174451,0.52953243,0.5371904,0.88603526,0.7147472,0.6289555,0.81038237,0.67015386,0.5152757,0.9207188,0.99333507,0.99735826
Psoriasis,Coreg,0.7546927,0.49314976,0.41257223,0.75899816,0.64334726,0.46998316,0.6630397,0.5104466,0.39256483,0.91683877,0.9976669,0.9916412
Haemorrhoids,Infertility,0.78172934,0.52612764,0.54493153,0.82725334,0.7165203,0.5779642,0.72026265,0.4601769,0.43227595,0.91091263,0.9955495,0.99246615
Epilepsy,Phenobarbital,0.7627489,0.52289593,0.44350365,0.8200556,0.76164496,0.70465726,0.65835977,0.49303848,0.5466061,0.9510935,0.99935025,0.9943974
Epilepsy,Alcohol,0.789841,0.45923048,0.39217058,0.79843,0.58776957,0.52813643,0.59374875,0.32966024,0.26223493,0.9657992,0.9996426,0.9963424
Psoriasis,Spasm,0.801829,0.52785486,0.42189848,0.781657,0.6452124,0.45227087,0.74203384,0.49681246,0.38365087,0.9483186,0.99874,0.9934152
Snoring,Loperamide,0.7459668,0.4559539,0.39491844,0.7859699,0.6947542,0.4954157,0.7283579,0.5274987,0.4431122,0.9139204,0.99938506,0.999217
Arteriosclerosis,Cholestyramine,0.78463596,0.2940355,0.39538348,0.80073,0.50026244,0.4441864,0.6686214,0.32557002,0.27083048,0.9162971,0.9934831,0.99881744
Myelosuppression,Snoring,0.76221216,0.4152835,0.37287915,0.7785174,0.6213807,0.54225445,0.62620324,0.42419916,0.381329,0.9426898,0.9982071,0.9972396
Pneumoniae,Septicemia,0.89728594,0.7286545,0.73591614,0.85862637,0.81535184,0.73099256,0.7878995,0.6433631,0.68563557,0.9257241,0.99694395,0.99942553
Hernias,Dementia,0.779934,0.15151352,0.2381777,0.8289796,0.5905061,0.38475034,0.652739,0.23595123,0.28214934,0.9224485,0.99887574,0.9951365
Hematemesis,Vomiting,0.8708234,0.6688041,0.7992995,0.8717105,0.73665583,0.73093027,0.7625838,0.5322362,0.5000265,0.9389001,0.9979445,0.9871805
Arthralgia,Pain,0.8346833,0.6299174,0.5383506,0.78710157,0.6947069,0.5439535,0.6877761,0.513402,0.49009234,0.94601214,0.9980544,0.99399084
Synthroid,Lidocaine,0.73162603,0.55876094,0.4774362,0.8320345,0.7942369,0.6212417,0.6707722,0.4849183,0.47407734,0.92517954,0.996739,0.9811292
Pneumoniae,Dyspnea,0.7927184,0.574806,0.44854972,0.71775985,0.6437241,0.5602174,0.62135684,0.43643796,0.46417043,0.9376087,0.9960327,0.99764794
Bandemia,Meningism,0.85114,0.55602455,0.49501967,0.87315404,0.5374579,0.34480178,0.7161858,0.48229298,0.38126913,0.9455597,0.9993621,0.9937721
Seasickness,Carsickness,0.9286323,0.8275597,0.7729076,0.9809582,0.9693821,0.93332505,0.906566,0.78203535,0.6560926,0.8981208,0.9953371,0.9970251
Arthralgia,Clubbing,0.8007522,0.54872584,0.43973714,0.85670507,0.77793324,0.61099046,0.78236663,0.6609729,0.6058116,0.9294114,0.99626446,0.99617445
Hemophilia,Glucotrol,0.77370644,0.5378651,0.46576768,0.7901544,0.65075743,0.53345406,0.6455736,0.37461168,0.38764942,0.933763,0.99646723,0.9988745
Dysuria,Plavix,0.8045865,0.55569065,0.5572959,0.8056844,0.6328947,0.5456592,0.7087684,0.4097065,0.40496033,0.93719876,0.9977692,0.99795073
Underexertion,Virilism,0.77736187,0.49736735,0.43881577,0.79172635,0.5292457,0.44320977,0.75577736,0.55325323,0.51029164,0.8845561,0.9978635,0.98411256
Aneurysm,Silvadene,0.68097365,0.43551153,0.41520298,0.6934866,0.49386394,0.42596608,0.70196676,0.42358342,0.40747562,0.88296187,0.9990702,0.9926467
Colchicine,Prednisolone,0.8385561,0.690841,0.5798583,0.8707067,0.77584636,0.6323302,0.6711998,0.5399676,0.47627717,0.90666974,0.9973062,0.9980131
Hernia,Sinemet,0.80495083,0.40227866,0.37630403,0.73959863,0.6235739,0.35141447,0.7252817,0.35522902,0.40080744,0.95217586,0.9861861,0.9996021
Overnutrition,Seizures,0.80989766,0.47601646,0.35257697,0.8000387,0.5079032,0.45854568,0.6997572,0.39318645,0.45521614,0.9402206,0.9993435,0.99073637
Cataracts,Pancreatitis,0.78080165,0.16328077,0.21017407,0.8326533,0.51342994,0.45971107,0.7428595,0.2851327,0.26486218,0.94552356,0.99964666,0.9959904
Ethanol,Alcohol,0.94473207,0.8919928,0.7413455,0.88987255,0.7847083,0.8306296,0.90742,0.8524415,0.8863059,0.96724004,0.99188566,0.9995219
Hyperthyroidism,Seizures,0.8211437,0.51449305,0.34818405,0.8072283,0.6343103,0.5761169,0.72901875,0.44502255,0.40597355,0.9489359,0.9959607,0.996258
Esmolol,Amiodarone,0.8424114,0.73181427,0.6780884,0.8996669,0.69232893,0.7267492,0.75812197,0.6561049,0.5637241,0.91939974,0.98923504,0.99942136
Infertility,Carboplatin,0.7933415,0.55839473,0.49888316,0.7735712,0.6662481,0.57407296,0.692963,0.47891092,0.4618638,0.93647325,0.9986614,0.9990517
Arthralgia,Neuralgia,0.82434326,0.5952865,0.5568613,0.91638196,0.8566735,0.7636128,0.73297346,0.5815698,0.557547,0.95077956,0.99709886,0.9994714
Anoxemia,Propofol,0.7670535,0.5639843,0.52199954,0.7870908,0.6259079,0.600544,0.68099016,0.40757146,0.4375956,0.9093038,0.9985934,0.99740756
Dizziness,Atenolol,0.7495971,0.2993052,0.15010628,0.769208,0.60004485,0.5815753,0.72504556,0.53313506,0.46563333,0.90522623,0.9994939,0.9981445
Pancreatitis,Insulin,0.7662761,0.26240814,0.36844885,0.72279775,0.55408156,0.43746787,0.6249608,0.25465274,0.27344415,0.92651135,0.998404,0.9950386
Gastroenteritis,Insulin,0.76344365,0.2395443,0.3806851,0.72518486,0.48618972,0.30372357,0.6346897,0.3131633,0.33605784,0.921823,0.9914361,0.98482513
Leukopenia,Cefaclor,0.7570469,0.4476204,0.43009028,0.8184626,0.7245599,0.64365965,0.6612713,0.45197195,0.43269047,0.9358145,0.9982497,0.9987867
Histoplasmosis,Prednisolone,0.82113874,0.6748942,0.63549024,0.81229794,0.71864253,0.55889964,0.71489555,0.58474904,0.5357438,0.9141058,0.9995343,0.9942137
Neuropathy,Constipation,0.7751278,0.09472086,0.17652805,0.8545171,0.4110166,0.28484857,0.7053834,0.12776351,0.23524801,0.95479095,0.99015105,0.9993828
Clubbing,Dyspnea,0.8010206,0.33458966,0.23373418,0.8464397,0.66003335,0.502817,0.7047152,0.48898652,0.37864506,0.9482175,0.9970933,0.9969435
Hemiplegia,Plavix,0.7574893,0.3712979,0.30245844,0.7801002,0.43502867,0.32596686,0.700842,0.43994895,0.3324022,0.91598487,0.9978018,0.99886185
Mycosis,Lipitor,0.8307588,0.6696849,0.54878575,0.7866522,0.6709835,0.54375094,0.7103625,0.62450385,0.5755568,0.9556501,0.98983705,0.9996035
Rheumatism,Colchicine,0.81153584,0.5769389,0.5059239,0.81528157,0.6524036,0.5598726,0.6497226,0.5035456,0.45685744,0.94121987,0.9995663,0.9985228
Dyspnea,Penicillin,0.7643785,0.34447294,0.2891583,0.74768245,0.6200682,0.47393218,0.6739707,0.3753131,0.32055396,0.9315569,0.9991681,0.98876107
Cirrhosis,Hematemesis,0.7896022,0.45633966,0.6827551,0.7656982,0.6318401,0.57086754,0.78202546,0.50617594,0.538175,0.91780454,0.99964654,0.99011636
Hemicrania,Headache,0.80680746,0.53445613,0.73062056,0.8010558,0.7294476,0.6853661,0.7621895,0.68307406,0.5773683,0.9014333,0.9986892,0.9977049
Loperamide,Dulcolax,0.86227727,0.7973058,0.72659445,0.8902863,0.8533931,0.769578,0.7898778,0.66778755,0.60114914,0.9184843,0.9991207,0.9924403
Sluggishness,Fatigue,0.81061924,0.70675755,0.6246735,0.73624927,0.4981373,0.4923976,0.7419324,0.67800766,0.692608,0.8857281,0.99710226,0.9988338
Cardiomyopathies,Syncope,0.8329834,0.84540176,0.77614653,0.8626027,0.798295,0.7496204,0.67762023,0.6426827,0.59293425,0.9524808,0.9989084,0.98217887
Anoxemia,Seizures,0.8178107,0.48089337,0.29993045,0.86531055,0.5133175,0.46280205,0.77693945,0.44314054,0.3790284,0.93338484,0.9938176,0.9963639
Dyslipidemia,Iron,0.7472755,0.50679564,0.4594573,0.69153976,0.591585,0.49904996,0.64291376,0.42491394,0.39488575,0.9397358,0.9958982,0.99929065
Thalassemia,Tremor,0.75707555,0.40626422,0.36365506,0.85693294,0.7145971,0.6638063,0.6366129,0.4590534,0.4265303,0.91424155,0.96339595,0.9857857
Convulsion,Wellbutrin,0.7874861,0.2929387,0.10853076,0.7693847,0.46109828,0.37936062,0.6790459,0.42700896,0.38628086,0.9177935,0.9926335,0.9985507
Angina,Levophed,0.7628946,0.30165678,0.1731851,0.77896786,0.6376513,0.59313923,0.83259195,0.46617746,0.37063354,0.9295432,0.9986709,0.9992953
Myositis,Medrol,0.81968313,0.54222167,0.45085064,0.8247919,0.72627497,0.6218197,0.52547514,0.40174007,0.41947204,0.93830144,0.9956862,0.9977615
Anovulation,Mittelschmerz,0.7134757,0.49807277,0.41583002,0.8176112,0.71169835,0.62931687,0.5457125,0.3595506,0.325943,0.91217613,0.9992631,0.99266446
Earache,Amoxil,0.81747276,0.6483887,0.43481308,0.7853075,0.66416943,0.5815336,0.85228616,0.706403,0.6617935,0.9201642,0.9983362,0.9990425
Ischemias,Aloe Vera,0.764546,0.5090779,0.45195365,0.7760169,0.6078834,0.51312745,0.6523337,0.45676032,0.41876328,0.90259933,0.99964035,0.9784379
Bronchitis,Singulair,0.78400743,0.34667575,0.30713102,0.76635194,0.4658935,0.4385426,0.6931137,0.33382303,0.3210864,0.91177046,0.98772746,0.99935174
Lipitor,Lovastatin,0.7791804,0.5587307,0.47844064,0.7977085,0.64874935,0.55043805,0.73426694,0.57190293,0.55876374,0.92200184,0.9981514,0.9989174
Pneumoniae,Weakness,0.84076566,0.5840219,0.32722688,0.71060073,0.43073148,0.30833626,0.809122,0.5597807,0.55838,0.9203043,0.9964386,0.9966409
Spasm,Lasix,0.80709136,0.5213253,0.39138246,0.76084375,0.6062638,0.5262231,0.8262056,0.59089303,0.4253813,0.9162579,0.9965194,0.9986013
Torticollis,Erythromycin,0.7532542,0.3673015,0.26569209,0.80583894,0.506719,0.39322424,0.6016044,0.39180964,0.36193228,0.9129573,0.9954436,0.9994134
Dermatitis,Allergy.,0.9009899,0.76127243,0.7895181,0.80322146,0.6512685,0.57689255,0.8238157,0.6676896,0.66789997,0.93551195,0.9991239,0.9932896
Silvadene,Ketamine,0.76097083,0.5525962,0.49277127,0.86559653,0.8117397,0.7434765,0.73133045,0.5853866,0.557907,0.91614306,0.997764,0.9896338
Arteriosclerosis,Ischemias,0.8291505,0.6890808,0.68496025,0.8472733,0.7572447,0.7164602,0.74646235,0.64697593,0.5724717,0.9337579,0.9990544,0.9994076
Hemochromatosis,Polyuria,0.84098166,0.4975941,0.5055975,0.89272153,0.73108554,0.6760262,0.766494,0.5668283,0.49449876,0.91665345,0.9978471,0.9970451
Metatarsalgia,Toothache,0.83571446,0.5311352,0.5400729,0.8546869,0.7852312,0.5599655,0.7036998,0.42273968,0.38126248,0.8978493,0.9995171,0.986971
Dehydration,Starvation,0.85928774,0.78419954,0.7520603,0.6824639,0.61810297,0.5022779,0.74029034,0.5974662,0.6061419,0.9526361,0.99915147,0.9960761
Colitis,Epilepsy,0.8103423,0.09878946,0.1668453,0.8330337,0.3782342,0.2208425,0.70989317,0.20327708,0.17038018,0.9385359,0.99875987,0.9982671
Diabetes,Polydipsia,0.7878278,0.37285045,0.37766385,0.8439566,0.7506743,0.5682736,0.6454674,0.43314418,0.3750529,0.9434237,0.9973451,0.9932554
Ketonuria,Starvation,0.8409978,0.6366987,0.56420094,0.74569076,0.68246675,0.57690006,0.707177,0.4907891,0.42869684,0.9366242,0.9996424,0.999043
Seizures,Valproic Acid,0.7622237,0.6294699,0.5999735,0.78109926,0.67184496,0.58387494,0.71698356,0.6360401,0.5023455,0.9248515,0.9902453,0.9970804
Gonorrhea,Plavix,0.7928573,0.53284186,0.6573267,0.77812743,0.59651077,0.50308865,0.61630183,0.44696215,0.38917848,0.9237881,0.99316317,0.9990656
Banana Bag,Vitamin B1,0.8566226,0.7513341,0.6721264,0.8343743,0.777638,0.6847154,0.74877846,0.5638238,0.5746989,0.9182851,0.9988425,0.9939871
Hypothyroidism,Weakness,0.7776532,0.582407,0.38280544,0.7334887,0.5263361,0.41817933,0.64169955,0.46444142,0.391063,0.9299216,0.9991553,0.99091727
Thalassemia,Hemoglobinopathy,0.8694563,0.7830602,0.8024756,0.86878383,0.722476,0.64392877,0.814844,0.7436591,0.77985156,0.91452205,0.9953275,0.99609184
Reticulocytosis,Aspirin,0.82138216,0.59707403,0.55334413,0.82315373,0.6357658,0.5606333,0.6410974,0.42454138,0.41944718,0.9172618,0.9903313,0.9987802
Mycosis,Carboplatin,0.79083073,0.6035843,0.56981885,0.77262974,0.64350903,0.5457454,0.68123114,0.5076586,0.49524295,0.9548881,0.9911258,0.9972083
Mycoses,Meningitis,0.87319076,0.62943274,0.60644436,0.8487226,0.6562282,0.58961046,0.77658534,0.565696,0.50084406,0.9395243,0.99737406,0.9990818
Pallor,Iron,0.8688023,0.7597785,0.6954746,0.73673195,0.5105351,0.41805798,0.86482877,0.7670633,0.77065897,0.91886413,0.9978003,0.996843
Maculopapule,Macule,0.87292296,0.7400162,0.6921319,0.873613,0.7981736,0.7048856,0.70710117,0.62598526,0.50100464,0.95887184,0.99938685,0.99659103
Heartburn,Motrin,0.8878262,0.62983537,0.49473974,0.8097974,0.7711361,0.65175027,0.748549,0.49260205,0.4094379,0.9069216,0.99363893,0.99631995
Aloe Vera,Vicodin,0.9140039,0.856079,0.8294233,0.8762512,0.8214927,0.717747,0.70978636,0.5913905,0.55387646,0.88886875,0.9960374,0.991357
Codeine,Robitussin,0.8436538,0.7661743,0.57053185,0.86163205,0.8073551,0.7449747,0.78631294,0.67180467,0.68677604,0.9125452,0.9994677,0.99397576
Acetylcysteine,Adenosine,0.816681,0.6071746,0.58475375,0.85828567,0.79002094,0.7104236,0.6645421,0.49987048,0.4301426,0.9440349,0.9997691,0.9990035
Cromolyn,Prednisolone,0.8162088,0.66385555,0.5385606,0.8804426,0.83611786,0.7279728,0.68359375,0.55948865,0.46149084,0.890204,0.9993216,0.9943696
Spasm,Opisthotonus,0.782581,0.5471463,0.4425171,0.852738,0.7422029,0.6736461,0.7345584,0.66281956,0.6012162,0.90198934,0.9970905,0.9966136
Diarrhea,Cefaclor,0.79505813,0.56446517,0.4901792,0.8008218,0.68063974,0.51924235,0.6419638,0.40250787,0.4044437,0.9318972,0.9991999,0.9987492
Ceftazidime,Ceftiaxone,0.9007176,0.85699725,0.83188653,0.9407394,0.9368063,0.9230794,0.93782276,0.9287626,0.91751504,0.97281647,0.99898994,0.9997507
Pain,Morphine,0.85331213,0.73691475,0.6663193,0.80894,0.7734263,0.72196877,0.8052086,0.644166,0.5945107,0.96664375,0.9970663,0.9977664
Narcan,Duragesic,0.9085375,0.8279829,0.759884,0.8449085,0.73215836,0.55713063,0.8252658,0.73741496,0.72745836,0.923698,0.99443173,0.996351
Vasculitis,Hemiplegia,0.7786263,0.48661673,0.30934957,0.85437196,0.6763036,0.50472987,0.7281048,0.465227,0.43293154,0.93915784,0.99922156,0.9989271
Colchicine,Probenecid,0.86811244,0.74990666,0.6533223,0.8968283,0.83753896,0.73425764,0.7381008,0.5974512,0.5481542,0.8846636,0.99929154,0.99682695
Cozaar,Diovan,0.8841131,0.691558,0.67189825,0.8846746,0.8214354,0.7392794,0.74661326,0.6933243,0.6983426,0.9172294,0.993722,0.99830353
Cirrhosis,Anemia,0.7892562,0.37398922,0.4741808,0.7945854,0.6013324,0.5777658,0.80412644,0.50379264,0.43958542,0.91001534,0.99729836,0.997319
Cefepime,Bacitracin,0.7959152,0.6816134,0.62491405,0.9048907,0.8741912,0.8405517,0.7274742,0.55835253,0.529966,0.92633224,0.9974343,0.9833947
Smallpox,Vaccinia,0.77814955,0.61076605,0.58144265,0.8223867,0.70673853,0.52813184,0.7938789,0.6938951,0.61900747,0.93103427,0.9984606,0.99136066
Starvation,Mittelschmerz,0.6933532,0.50763994,0.43487373,0.66238594,0.53859246,0.439963,0.54227585,0.41999212,0.3838529,0.91475195,0.99880683,0.99149156
Photosensitization,Dermatitis,0.838229,0.67896104,0.6301106,0.82369727,0.70642436,0.59216607,0.76809573,0.6505667,0.5873825,0.9153614,0.99960536,0.96345437
Dexamethasone,Actonel,0.7535647,0.57772493,0.5301072,0.8584268,0.7954129,0.72668767,0.6605703,0.5001984,0.43541485,0.91927344,0.9930919,0.99896157
Hepatitis,Tylenol,0.7767193,0.45830542,0.40764934,0.8117879,0.67041147,0.5204402,0.77894455,0.6471562,0.61831486,0.9315502,0.99726045,0.9901326
Ischemias,Drooling,0.8000696,0.45097166,0.32011122,0.78482425,0.37323827,0.3838237,0.7914464,0.5412614,0.5619302,0.93684983,0.99879485,0.99779916
Hernias,Earache,0.8315693,0.24986471,0.20334,0.7822906,0.6254402,0.37501845,0.7569833,0.2312769,0.32089728,0.9199598,0.99969804,0.99337196
Goiter,Scleroderma,0.82078385,0.5564874,0.5571456,0.8704269,0.7679138,0.60028815,0.7805343,0.5507721,0.46674812,0.93230945,0.99890804,0.99845695
Ataxia,Ethanol,0.82383424,0.4649816,0.4148226,0.78481287,0.56802356,0.490368,0.6885014,0.4663421,0.3754198,0.91327184,0.97937596,0.9924235
zoonosis,Babesiosis,0.8630806,0.71217746,0.6930264,0.8335873,0.7508583,0.64339,0.78246367,0.7112608,0.6505536,0.91787004,0.9960147,0.99903166
Rhonchi,Rales,0.902653,0.8401916,0.74952245,0.919889,0.8767109,0.8859412,0.80794793,0.7204379,0.7355453,0.921881,0.93671,0.9977402
Tiredness,Atenolol,0.7128262,0.40690514,0.2542812,0.7545295,0.63015366,0.5892739,0.67586845,0.52826864,0.4086905,0.9147767,0.9962687,0.9976952
Atherosclerosis,Angina,0.8036528,0.6620945,0.6045538,0.83555883,0.7824099,0.70128167,0.67449427,0.5776036,0.51319885,0.91525185,0.99781585,0.9980883
Hepatitis,Hematemesis,0.84258837,0.5917844,0.6421548,0.8029059,0.70879346,0.61880744,0.7706424,0.5194232,0.48772046,0.9470124,0.9997481,0.99699426
Narcan,Morphine,0.8212469,0.63495874,0.48434684,0.8768728,0.8013387,0.6809707,0.7674269,0.61099464,0.61081374,0.95165336,0.99702793,0.9947102
Diarrhea,Colchicine,0.82550967,0.51204485,0.5677537,0.844748,0.7816533,0.72819585,0.5979707,0.3577585,0.35789236,0.9161362,0.9985248,0.99819154
Myositis,Myopathy,0.92753446,0.8192475,0.7760658,0.94878995,0.859924,0.7965559,0.9011911,0.86718196,0.86010635,0.9900888,0.9999143,0.9996637
Bronchitis,Loperamide,0.79053247,0.31680626,0.29551005,0.79594886,0.4961186,0.45888838,0.76625526,0.35693428,0.25519955,0.91683227,0.97656876,0.99729764
Dysuria,Cipro,0.8076388,0.51871085,0.44622472,0.7590624,0.62935233,0.50439954,0.64044696,0.3486574,0.38452688,0.9272401,0.9985728,0.99814165
Levaquin,Avelox,0.911091,0.84418607,0.7627865,0.8638908,0.78018737,0.6577349,0.8274627,0.7703877,0.7547222,0.9267826,0.99938977,0.992263
Hyperacusis,Bleomycin,0.8097257,0.5808055,0.4675881,0.8327466,0.73490775,0.6291995,0.6861793,0.50136036,0.460901,0.9182551,0.999352,0.9966598
Chloramphenicol,Ceftiaxone,0.7959303,0.7086232,0.646685,0.8938984,0.8529155,0.79257774,0.7676728,0.65122974,0.6572798,0.923621,0.99444467,0.99654865
Cefaclor,Cefoxitin,0.94615495,0.9240091,0.89874953,0.944467,0.92033803,0.89209354,0.83899194,0.79846,0.7679637,0.91944784,0.9967195,0.99532825
Erythromycin,Lidocaine,0.79034287,0.61260396,0.51020306,0.80278814,0.75020206,0.60547847,0.72453964,0.4888819,0.55766,0.95212877,0.99730515,0.99722135
Hypothyroidism,Infertility,0.832456,0.5756136,0.5508852,0.81412095,0.7408447,0.6466428,0.69756955,0.43517795,0.38939068,0.9427231,0.9979419,0.99746144
Protonix,Tums,0.80564976,0.64642334,0.56233644,0.8448088,0.8004488,0.68803686,0.73550427,0.6638438,0.63623744,0.92833203,0.9979591,0.9857479
Catatonia,Lethargy,0.86010957,0.58410895,0.50434023,0.84555095,0.83612424,0.6466918,0.7916509,0.58366686,0.5732888,0.91625994,0.9905525,0.9995593
Schistosomiasis,Cardura,0.7308647,0.40017086,0.4584121,0.7520087,0.57349515,0.40454006,0.50644064,0.27267227,0.28722838,0.9378097,0.997864,0.99885803
Polydipsia,Polyuria,0.89835083,0.79204476,0.8347511,0.94630057,0.91952074,0.88813627,0.7929907,0.6363433,0.58465636,0.9765919,0.999581,0.99577916
Cirrhosis,Lipitor,0.7407859,0.33001724,0.33992702,0.74120784,0.56078017,0.44028932,0.70955074,0.36228377,0.34866133,0.9125735,0.99826205,0.9986913
Stridor,Snoring,0.8174451,0.52953243,0.5371904,0.88603526,0.7147472,0.6289555,0.81038237,0.67015386,0.5152757,0.92071885,0.993335,0.9973582
Atenolol,Lasix,0.7144603,0.4144165,0.3217365,0.8490659,0.7819741,0.74021345,0.6955503,0.47435448,0.42598212,0.9210365,0.9995128,0.99717826
Prostatism,Cipro,0.79211056,0.5009347,0.41116774,0.7274864,0.55045813,0.39398745,0.6202018,0.28640774,0.2896634,0.91245055,0.99878895,0.9952283
Dehydration,Dysentery,0.83221185,0.56690454,0.5123091,0.85707504,0.7664366,0.6644013,0.68094504,0.40221414,0.46294892,0.93246675,0.99924546,0.9938752
Enalapril,Lisinopril,0.9308959,0.90967745,0.9178237,0.9376063,0.9132047,0.891379,0.8287154,0.73554105,0.71520257,0.92408943,0.99481905,0.9983946
Hyperemesis,Carboplatin,0.7889495,0.56396043,0.5433257,0.78470695,0.6089381,0.5258732,0.717718,0.5492786,0.5546046,0.8895385,0.99935746,0.9921734
Reticulocytosis,Hematemesis,0.8685962,0.647951,0.49310285,0.83403087,0.72604907,0.70791817,0.7685313,0.49149078,0.5227054,0.9363257,0.9942802,0.997031
Uremias,Hypersomnolence,0.7889271,0.5242051,0.4734757,0.82321465,0.72355133,0.65759194,0.74552757,0.4369231,0.41104478,0.91487217,0.996866,0.9991893
Myopathy,Trembling,0.70482504,0.4421903,0.40715075,0.6664268,0.5506221,0.48561794,0.74214655,0.56038404,0.47503933,0.917266,0.95822495,0.99386233
Infertility,Fibrillation,0.8029501,0.39356774,0.3799441,0.78899294,0.655517,0.5432161,0.7429569,0.4554736,0.43614596,0.94071496,0.9964727,0.99790466
Ketonuria,Insulin,0.8627991,0.6559891,0.5969806,0.8281269,0.772551,0.68101776,0.6949558,0.4965382,0.44117275,0.91209394,0.9992646,0.99817157
Blastomycoses,Seizures,0.8261553,0.56076944,0.43374503,0.8605979,0.6647431,0.46368998,0.7089162,0.5052565,0.50183046,0.91343355,0.9971469,0.9931099
Candidiasis,Prostatorrhea,0.81130636,0.5298978,0.34583023,0.853361,0.78619707,0.66858715,0.7637772,0.44613346,0.42624635,0.9266561,0.99895144,0.99722356
Heparin,Protamine Sulfate,0.8770703,0.71523476,0.64887094,0.86261827,0.72453785,0.67432237,0.84055257,0.61194694,0.60071784,0.90628994,0.99701864,0.99535257
Cardiomyopathy,Rales,0.74899065,0.34454787,0.28194988,0.71077734,0.56729066,0.55949557,0.6352556,0.32664505,0.25815398,0.94176084,0.9485151,0.99941236
Mycosis,Pain,0.81200707,0.607152,0.5220615,0.7376684,0.6593962,0.546409,0.68307036,0.54083157,0.4974575,0.95103604,0.990945,0.99592185
Proteinuria,Rogaine,0.7997744,0.49879694,0.39790618,0.86171484,0.78841007,0.68109596,0.7185448,0.48488605,0.42110804,0.9027872,0.97934616,0.99825025
Angina,Dyspnea,0.83954024,0.81209606,0.77264553,0.85583925,0.69914746,0.63859606,0.7577839,0.7172401,0.62216103,0.92308235,0.9993067,0.988865
Bacteremia,Amauroses,0.8313092,0.6325467,0.5915079,0.7928494,0.684625,0.61227345,0.73198366,0.3847226,0.37335622,0.9160337,0.9992476,0.99027723
Dyslipidemia,Lipitor,0.78384656,0.58133125,0.572404,0.7413402,0.63445854,0.59553564,0.6850319,0.51453835,0.5259167,0.93937457,0.9904172,0.9986116
Uremias,Emaciation,0.8578187,0.67956114,0.5693381,0.8541408,0.71961606,0.5886632,0.7946917,0.53126234,0.4781821,0.92167807,0.9988806,0.9978685
Osteoporosis,Cardiomyopathy,0.81107485,0.5084439,0.48112977,0.8836491,0.70393854,0.64771473,0.7817402,0.4353373,0.41287136,0.95646715,0.99762964,0.99636865
Hyperemesis,Nausea,0.8532582,0.6557504,0.5935708,0.82874,0.675442,0.67904586,0.8275238,0.7312113,0.67060566,0.91096145,0.9938565,0.99519217
Parasitemia,Cardialgia,0.87051034,0.46979955,0.3656134,0.85988677,0.7515805,0.49191415,0.71361864,0.42205346,0.41388613,0.91088784,0.9961026,0.9925318
Neuropathy,Insulin,0.7874859,0.47303325,0.38644657,0.7513524,0.45198584,0.3495049,0.6925392,0.42652142,0.3277051,0.92933065,0.98769337,0.9968117
Seasickness,Clubbing,0.82736415,0.63531363,0.5161711,0.88831925,0.85044813,0.70003194,0.78999937,0.551574,0.3897556,0.91768265,0.9985944,0.99833006
Iron,Iron,0.9999999,1.0000004,1.0,1.0000001,0.9999999,0.99999994,1.0,1.0,0.9999998,0.9999997,1.0000001,1.0000004
Cardialgia,Loperamide,0.8606395,0.60099876,0.39566812,0.83341384,0.7121047,0.559134,0.65760446,0.3286642,0.29542142,0.9289194,0.99735206,0.99809283
Rheumatism,Tylenol,0.7990048,0.6049105,0.5211093,0.8092937,0.6597823,0.61887866,0.65907335,0.41876674,0.38402662,0.9296646,0.9974766,0.99853444
Brucellosis,zoonosis,0.8794795,0.7100465,0.68361175,0.8464811,0.7723588,0.6787622,0.77776325,0.6752946,0.62440354,0.9414809,0.9991377,0.9982775
Atenolol,Toprol-XR,0.7589328,0.414128,0.27316666,0.83332455,0.7420106,0.6318542,0.7502052,0.57922035,0.53711873,0.9075954,0.9930092,0.990643
Emaciation,Cachexia,0.8703254,0.58596945,0.61867005,0.8277497,0.7292531,0.61722565,0.7559371,0.59383994,0.5341687,0.9156188,0.99817246,0.99624944
Aphonia,Mittelschmerz,0.6950638,0.43087912,0.33865464,0.7746758,0.630329,0.5150238,0.59696794,0.41970962,0.40923607,0.8860289,0.9995525,0.9968837
Starvation,Anorexia,0.8410106,0.59614176,0.50940657,0.6883066,0.5626161,0.4596382,0.735988,0.48348635,0.5212523,0.9400037,0.99916595,0.99861515
Blepharospasm,Coumadin,0.8132824,0.53519857,0.48246512,0.8400352,0.5434926,0.51032084,0.7205261,0.41268593,0.3752004,0.90626,0.99761546,0.99846226
Ampicillin,Amoxil,0.82478094,0.6555487,0.60094285,0.87015903,0.79592127,0.7094317,0.8083818,0.6025744,0.596989,0.90444356,0.9995717,0.99322474
Angina,Diarrhea,0.79499376,0.06027557,0.16616486,0.88897485,0.5946741,0.48029286,0.6578763,0.30841556,0.13518566,0.9270607,0.99958706,0.9979507
Lasix,Mannitol,0.8034713,0.6703573,0.5816725,0.806523,0.73321635,0.65191424,0.73201364,0.46182606,0.46962702,0.9115349,0.9982506,0.99639267
Uremias,Pyorrhea,0.8620405,0.5958636,0.493706,0.9073365,0.8057192,0.68239814,0.7457893,0.46237993,0.47315848,0.95534366,0.9989294,0.9975265
Incontinence,Lasix,0.6552471,0.15367389,0.21667822,0.77447236,0.5797791,0.45250708,0.52549165,0.20340613,0.18174654,0.92229545,0.99798423,0.9925232
Thromboembolism,Heparin,0.8258355,0.68566996,0.6999217,0.7962204,0.6923003,0.6470318,0.70856583,0.6020155,0.58237284,0.94833755,0.9929388,0.9954814
Exophthalmos,Prostatism,0.8089413,0.37224227,0.2937253,0.8245307,0.56362015,0.41312402,0.5442349,0.27899083,0.2724937,0.9198176,0.99969614,0.9991758
Uremias,Aspirin,0.8499185,0.6421322,0.58259505,0.8447169,0.69284785,0.5954783,0.6914127,0.43704337,0.42696282,0.9454234,0.9988878,0.99527204
Sinemet,Gifulvin,0.8934735,0.8387604,0.7908548,0.83219784,0.7363004,0.53499234,0.8722523,0.78744334,0.7036389,0.9208634,0.9994045,0.99798965
Allergy.,Bacitracin,0.7452125,0.5319027,0.5004862,0.7982644,0.7538732,0.65689033,0.72785443,0.5496182,0.54216164,0.91980827,0.999484,0.9958496
Hernia,Goiter,0.8435603,0.45085937,0.44011968,0.9202325,0.86386317,0.81718713,0.84503144,0.47625712,0.41025645,0.9466252,0.9972105,0.9977698
Dehydration,Syncope,0.82879853,0.3392221,0.37488958,0.8613231,0.6343894,0.612146,0.78219366,0.5254104,0.44123018,0.9528437,0.9958646,0.984378
Fish-mouthing,Polyuria,0.8207958,0.47171977,0.5277436,0.79358745,0.661492,0.5834241,0.7618741,0.57340765,0.50235784,0.89827466,0.99945223,0.99787295
Arthritis,Rheumatism,0.932482,0.89304274,0.8890343,0.924025,0.82656884,0.8621509,0.6389144,0.5260694,0.44598523,0.9413761,0.9981833,0.9993876
Infertility,Anovulation,0.89096,0.77230465,0.7665528,0.87186396,0.79850924,0.6368364,0.83110833,0.75123084,0.7255778,0.90455747,0.9989201,0.99710166
Bronchitis,Serevent,0.7846198,0.38688153,0.38440353,0.7909969,0.63825333,0.5262927,0.72902787,0.34798673,0.27444452,0.90287274,0.9795523,0.99442077
Mycosis,Histoplasmosis,0.884074,0.7885313,0.7774967,0.8741765,0.8009032,0.6933069,0.7886505,0.7167866,0.7225456,0.9452973,0.9863541,0.99790144
Cataracts,Diabetes,0.77528155,0.45847768,0.46195218,0.8121087,0.7104175,0.56996894,0.76362354,0.45913294,0.38275725,0.94452643,0.99489313,0.9996239
Overnutrition,Malnutrition,0.9360368,0.89187586,0.9121584,0.8968096,0.87980676,0.85963356,0.96883476,0.9678599,0.97444326,0.95195067,0.99922806,0.98674536
Convulsion,Epilepsy,0.8675411,0.84800255,0.83168167,0.88341606,0.86695766,0.8077862,0.8213911,0.76143503,0.75524837,0.9269236,0.99955404,0.9936858
Cyanosis,Folic Acid,0.853224,0.6275417,0.5494568,0.7907921,0.6528272,0.50312895,0.6785502,0.3573368,0.30497062,0.91257834,0.99770695,0.9892253
Infertility,Blepharospasm,0.82360965,0.46325693,0.46699038,0.8421835,0.66485775,0.5415761,0.7088064,0.37171876,0.3358776,0.90472925,0.9926824,0.99673736
Neuropathy,Diabetes,0.78918666,0.50916886,0.4292493,0.84666497,0.5673545,0.4785641,0.7505716,0.5145119,0.3610186,0.9457694,0.9925049,0.9976112
Erythromycin,Allopurinol,0.7802714,0.56769824,0.5017693,0.85209674,0.77470875,0.68014866,0.6517958,0.4580413,0.45745352,0.91688615,0.9982026,0.9920281
Heartburn,Protonix,0.84547126,0.6059334,0.5183084,0.81035584,0.783676,0.68315995,0.7953118,0.48896983,0.42157534,0.9094193,0.99824226,0.99461424
Pallor,Weakness,0.88013124,0.6504362,0.4787812,0.79902613,0.77812,0.6381253,0.84385437,0.6874347,0.6956185,0.90479225,0.99875695,0.9988084
Hyperextension,Lopid,0.723674,0.44919568,0.3024522,0.78746295,0.72167295,0.6197804,0.7498421,0.48843598,0.5257063,0.8946545,0.9930162,0.99760485
Weakness,Paresis,0.86252105,0.73414475,0.8396286,0.85042495,0.78698087,0.6025975,0.7839031,0.7381062,0.48280945,0.9324815,0.99821293,0.9965851
Hypothyroidism,Synthroid,0.76441664,0.5835712,0.52955717,0.82717,0.75779897,0.7061198,0.5694845,0.3609013,0.35452893,0.9365018,0.9982741,0.998577
Grimaces,Hemiballismus,0.78656924,0.485646,0.48247162,0.7726532,0.69957495,0.57995874,0.7164818,0.48634532,0.3884085,0.91716456,0.97910666,0.9975281
Exophthalmos,Synthroid,0.758997,0.44516605,0.4310695,0.8393998,0.6827493,0.5826939,0.51654077,0.26630008,0.29998234,0.92481697,0.99919546,0.99764
Dizziness,Vertigo,0.9057491,0.8561053,0.8734644,0.87137204,0.7004537,0.57578063,0.876654,0.8365768,0.7794808,0.90659654,0.9977908,0.9789636
Dyslipidemia,Angina,0.802099,0.44020015,0.5007183,0.8209264,0.75091386,0.7059486,0.73174137,0.528777,0.44070593,0.9233329,0.98705876,0.99618757
Giardiasis,Avitaminoses,0.80705833,0.47472706,0.5936128,0.80456626,0.6995016,0.61267805,0.7132354,0.41210914,0.4289799,0.8927895,0.9947699,0.9987789
Seizures,Aloe Vera,0.79842424,0.5255946,0.4007228,0.7927638,0.5781998,0.47687256,0.6678881,0.4485694,0.50438577,0.8926678,0.9972368,0.987522
Zoloft,Prozac,0.88129866,0.8233811,0.6755014,0.84861386,0.8142632,0.6969779,0.82568884,0.67571175,0.62889314,0.91271186,0.9988047,0.9986312
Peritonitis,Ataxia,0.83462954,0.15419175,0.17963666,0.8300408,0.45296374,0.1946782,0.7221221,0.3202074,0.25097334,0.91936505,0.9993781,0.98889065
Actonel,Fosamax,0.8915785,0.7945367,0.6277715,0.9099698,0.85421693,0.7075329,0.8330891,0.76606524,0.75231403,0.9111234,0.98548824,0.9991108
Arthralgia,Chyluria,0.82384276,0.3912466,0.5024972,0.89477086,0.68523216,0.5424734,0.74345946,0.45800966,0.36970264,0.9093531,0.9987626,0.99865407
Clubbing,Constipation,0.72923094,0.14393528,0.20428595,0.8530859,0.6244912,0.56835806,0.68452066,0.1856213,0.21400073,0.93069947,0.996421,0.99888754
Plavix,Lipitor,0.8441338,0.7236768,0.5003547,0.85191035,0.7204317,0.62143886,0.82442695,0.72686833,0.67747414,0.94722545,0.9983905,0.99953437
Primatine,Levophed,0.8707799,0.73162246,0.66922617,0.84200853,0.65977275,0.5880381,0.8223387,0.75736475,0.70814955,0.9327415,0.9995938,0.99927855
Constipation,Diarrhea,0.86844623,0.8448752,0.8999063,0.923418,0.9218484,0.91654503,0.749067,0.58967197,0.70834726,0.9309769,0.9981103,0.99902093
Arthritis,Cirrhosis,0.8219438,0.36568236,0.4586156,0.8237797,0.51520807,0.45902145,0.70534176,0.37364283,0.32169178,0.9071393,0.9966525,0.9962331
Meningitis,Tuberculosis,0.8422402,0.62894356,0.59547037,0.80956924,0.5676493,0.5042923,0.74782825,0.56437624,0.41629112,0.9484629,0.9982103,0.98837817
Dizziness,Ethanol,0.74921876,0.46389046,0.437966,0.6931988,0.5193598,0.4851095,0.69986594,0.58964616,0.6278771,0.9016571,0.97834855,0.99882245
Cataracts,Narcan,0.76152,0.41705254,0.37711534,0.759606,0.59840584,0.4909551,0.68731457,0.399884,0.38799334,0.943706,0.99805915,0.99898064
Agitation,Morphine,0.8201912,0.6501436,0.5393509,0.8514502,0.78761816,0.713006,0.79650664,0.583549,0.5567413,0.940961,0.99508667,0.99919415
Anosmia,Aphonia,0.8492871,0.587628,0.4624617,0.86435556,0.6489593,0.50289625,0.84349585,0.6881951,0.60954416,0.91275257,0.99069893,0.9927323
Drooling,Sinemet,0.7592952,0.4449006,0.39505047,0.73714244,0.46801803,0.37192726,0.74377084,0.6484902,0.5889217,0.9411337,0.99571705,0.99849236
Cirrhosis,Methotrexate,0.7893795,0.42614093,0.43354404,0.7938879,0.6124444,0.45984986,0.7672773,0.4152467,0.35903698,0.9087244,0.9989588,0.9971466
Glaucoma,Headache,0.7825275,0.446918,0.48776886,0.78408384,0.6963912,0.5693009,0.6690516,0.43652892,0.36343136,0.972604,0.9994718,0.9943111
Syncope,Weakness,0.82299334,0.3129275,0.10063181,0.80679715,0.38769555,0.30759558,0.8487629,0.599205,0.46052364,0.92229867,0.9970503,0.98302716
Regurgitation,Heartburn,0.74850976,0.51509947,0.48567533,0.7140687,0.5701919,0.5375694,0.7518519,0.4901399,0.46449167,0.9083282,0.9974065,0.9983082
Activase,Streptase,0.86890304,0.7568455,0.66180813,0.7656292,0.6484774,0.4676577,0.86654985,0.79001015,0.7834492,0.9205248,0.99580055,0.9935794
Zithromax,Cipro,0.8600304,0.77504843,0.7182365,0.8717462,0.79658014,0.7189161,0.82543755,0.75160867,0.78182155,0.87256694,0.98844385,0.99795115
Catatonia,Narcan,0.810896,0.4722263,0.37762538,0.8493331,0.7603119,0.72119826,0.7157442,0.5381358,0.5140878,0.9248055,0.9994446,0.9926815
Arthralgia,Tylenol,0.8039305,0.5432759,0.41263074,0.8414738,0.718536,0.61786366,0.7074309,0.50259143,0.48680192,0.9275098,0.9994404,0.99774057
Blepharospasm,Bedwetting,0.8071172,0.5262972,0.5013586,0.82221377,0.6574024,0.54452837,0.7291509,0.38880068,0.41851404,0.90860915,0.99369454,0.99680984
Photopsia,Headache,0.8224629,0.6014656,0.45938617,0.77309954,0.70584905,0.61359054,0.76393855,0.52126133,0.43504524,0.92577744,0.99757326,0.9726585
Meningitis,Headache,0.8044065,0.64609635,0.6588682,0.78779495,0.7559159,0.6606939,0.7609312,0.68385816,0.48897344,0.9418636,0.9987028,0.99789816
Glyburide,Avandia,0.81071115,0.664268,0.5806527,0.81692994,0.72820455,0.58282065,0.6881086,0.491265,0.45038727,0.93214333,0.99685174,0.9871414
Atherosclerosis,Cardialgia,0.7693487,0.5922595,0.591411,0.8109721,0.7206217,0.5754833,0.6902741,0.567748,0.49617487,0.9354181,0.9994751,0.99858403
Anosmia,Catch,0.86029655,0.7819457,0.7205072,0.8152358,0.74800324,0.6310306,0.7744999,0.598629,0.6437137,0.9172741,0.98866296,0.9979481
HYPEREMESIS,Zofran,0.83557045,0.65132654,0.5801392,0.83317184,0.70054007,0.66177905,0.73935086,0.5638396,0.52918184,0.8564584,0.9939371,0.99838066
Angina,Corkscrewing,0.7540081,0.36240703,0.31403738,0.79737943,0.65393436,0.57810813,0.68507844,0.49019104,0.32502523,0.9233274,0.99936545,0.9914637
Thrombophilias,Hemoptysis,0.8413881,0.5851154,0.5509735,0.86556476,0.7547686,0.64420474,0.76048005,0.58215827,0.50040364,0.92419803,0.98558426,0.99738085
Obesity,Xenical,0.849343,0.697791,0.52488613,0.7477235,0.641497,0.52975494,0.79156995,0.6780616,0.64899856,0.9625422,0.9983655,0.9977206
Glucotrol,Motrin,0.8893149,0.7568202,0.6375303,0.90191746,0.85645664,0.7875914,0.7977863,0.65880555,0.6577909,0.93947494,0.99893165,0.9953368
Atherosclerosis,Influenzae,0.70868,0.48805204,0.4531089,0.7633335,0.62672895,0.5009384,0.5985499,0.34953803,0.3244124,0.9287524,0.99833614,0.99180657
Scapulalgia,Halitosis,0.87653625,0.626212,0.4827706,0.86389554,0.75854707,0.6062268,0.7757325,0.4767984,0.4220571,0.9139409,0.9984558,0.9958088
Hepatomegaly,Hepatosplenomegaly,0.8761317,0.84182274,0.84126925,0.9027178,0.88843423,0.8599235,0.85129476,0.81035906,0.7648126,0.9689573,0.9983645,0.9996052
Anosmia,Digoxin,0.8286643,0.58123714,0.5467262,0.85569704,0.77765167,0.6244135,0.7645414,0.37553933,0.309796,0.9097235,0.9908438,0.99104875
Meningitis,Vancocin,0.83581674,0.56941754,0.574245,0.84511364,0.62784487,0.60335535,0.6365393,0.4572181,0.46957868,0.9187381,0.9950234,0.99873483
Hypersomnolence,Snoring,0.8495604,0.69153595,0.6343453,0.82963234,0.7360679,0.6102387,0.85299397,0.7472131,0.67929816,0.90052855,0.9963958,0.99852204
Prostatorrhea,Cipro,0.8016101,0.4825844,0.350313,0.79691184,0.6845914,0.47592676,0.6769286,0.35816786,0.4029878,0.9127857,0.9987503,0.98988664
Flatulence,Halitosis,0.86770767,0.64074874,0.6646067,0.86162686,0.68754935,0.42743355,0.7798181,0.5374287,0.4961275,0.9191791,0.9953225,0.9995961
Flushing,Iron,0.78537965,0.6069684,0.44885358,0.83158654,0.7529689,0.6118191,0.96278405,0.9416928,0.94680184,0.94280493,0.9986522,0.9996148
Mittelschmerz,Aphonia,0.69506377,0.430879,0.33865455,0.77467597,0.6303289,0.5150237,0.59696805,0.41970968,0.40923607,0.8860289,0.9995525,0.9968837
Hemochromatosis,Arthritis,0.8223828,0.55206907,0.54314494,0.8943529,0.78551835,0.6139307,0.6781864,0.5477053,0.47552425,0.9036367,0.9986681,0.9956056
Clubbing,Vitamin K,0.8082365,0.60346603,0.48499292,0.750793,0.6145913,0.55848634,0.7441546,0.6113486,0.52308995,0.9289202,0.9970449,0.9976511
Mittelschmerz,Toothache,0.7000466,0.47565475,0.38583508,0.74491554,0.6319531,0.49271166,0.59655285,0.45755458,0.4142532,0.88679904,0.99882984,0.99465543
Thirsty,Hunger,0.8950654,0.77697015,0.85686475,0.85259956,0.7267828,0.776045,0.9597466,0.9394418,0.9415489,0.93377954,0.99907255,0.9949456
Sciatica,Motrin,0.7948119,0.5032048,0.44070002,0.8074863,0.6778735,0.5783683,0.62847006,0.46681333,0.33902568,0.92123973,0.997933,0.98912877
Bronchitis,Pneumonia,0.79677635,0.4957388,0.53560424,0.83936775,0.7250412,0.69905555,0.69771504,0.36770463,0.28801015,0.9248071,0.9945663,0.9985621
Candidiasis,Medrol,0.7888191,0.6133165,0.5757529,0.8068751,0.7275053,0.5872346,0.52968895,0.4497264,0.46673968,0.94026804,0.99775213,0.9924858
Snoring,Ethanol,0.76101816,0.44485977,0.36858442,0.76463723,0.6275212,0.4123813,0.604854,0.42920178,0.39598325,0.94319403,0.98770505,0.9960437
Fibrillation,Calamine,0.7958813,0.413632,0.40657517,0.78620934,0.65242124,0.61591434,0.7607363,0.46796882,0.49826926,0.94430757,0.9964522,0.996549
Digoxin,Cardizem,0.8359686,0.76449,0.65549344,0.86461353,0.77990115,0.7079911,0.75284934,0.7095884,0.655305,0.8913712,0.9972193,0.99943566
Xanax,Ativan,0.90257716,0.8066025,0.780117,0.9161768,0.8863293,0.7892593,0.8046186,0.7076906,0.7167126,0.92447364,0.99405694,0.9929459
Hepatitis,Cirrhosis,0.8758726,0.8265557,0.8445216,0.9127817,0.9023576,0.9003228,0.77278304,0.4086299,0.35200042,0.90784436,0.99955845,0.9794029
Dyspnea,Medrol,0.7921044,0.4013759,0.3257414,0.7576301,0.64857924,0.49889317,0.47477368,0.2853792,0.27609363,0.9227488,0.997957,0.99137866
Clubbing,Garlic,0.84558374,0.65776235,0.4842658,0.7845076,0.6098303,0.57305413,0.74110943,0.60746604,0.49771476,0.9238381,0.99677837,0.99801844
Rheumatism,Sleeplessness,0.80344534,0.5933151,0.4869301,0.8034775,0.641298,0.56737256,0.6396475,0.40023082,0.30138192,0.89564663,0.9980782,0.99620897
Rheumatism,Prednisolone,0.8576094,0.75325084,0.7334354,0.83881235,0.77137977,0.7028047,0.75054145,0.66309834,0.6027309,0.91874146,0.99684536,0.9995183
Diabetes,Hyperglycemia,0.80164003,0.6238549,0.7483314,0.8417716,0.7590114,0.7008097,0.77789736,0.61556613,0.53964925,0.93974257,0.99543285,0.9968461
Fibrillation,Coumadin,0.80470896,0.41435182,0.4289008,0.83871305,0.7977679,0.70566434,0.78235435,0.5216509,0.5294728,0.9220784,0.999614,0.9954404
Hemicrania,Nitroglycerine,0.7721514,0.3286767,0.15433437,0.8057041,0.4213243,0.36493286,0.7036244,0.2684762,0.3399224,0.92131495,0.99925065,0.9980994
Thromboembolism,Fibrillation,0.8345927,0.76670504,0.647794,0.8452897,0.79503137,0.73815924,0.69716716,0.5548101,0.44955865,0.9553417,0.999715,0.99449307
Hemoptysis,Coumadin,0.80132294,0.41264582,0.39575064,0.8351039,0.7293792,0.59379697,0.6285653,0.34663352,0.27280542,0.90750045,0.98984134,0.9926677
Osteoporosis,Actonel,0.7442653,0.53449535,0.4368866,0.7719573,0.66501415,0.5650149,0.61309385,0.4341989,0.36569852,0.92910576,0.995759,0.9991712
Ataxia,Constipation,0.7797448,0.065538496,0.15642294,0.8673953,0.50883543,0.2876136,0.6924933,0.14974535,0.24116813,0.9356503,0.9996625,0.99261916
Mycosis,Coccidioses,0.8992903,0.78770465,0.7561592,0.84766436,0.74958146,0.66649914,0.7811613,0.65869796,0.644717,0.92175895,0.9797299,0.9994968
Sciatica,Underexertion,0.74477345,0.49308586,0.4482888,0.7677936,0.67735755,0.5282197,0.7158894,0.4705939,0.4066707,0.8651675,0.9970487,0.9898323
Catapres,Toprol-XR,0.82560277,0.72323763,0.6710502,0.7918966,0.669291,0.54991066,0.81415516,0.69673204,0.68646973,0.91409457,0.99472505,0.9888792
Appendicitis,Cefazolin,0.7842956,0.35165757,0.39789957,0.78534156,0.56514406,0.45122522,0.61428213,0.15818033,0.27109635,0.9151622,0.9834975,0.99816346
Ceftiaxone,Cefoxitin,0.9160496,0.8758596,0.8356508,0.9594897,0.9533969,0.94486815,0.86850864,0.8456619,0.82180005,0.9727974,0.99825615,0.99987364
Hemicrania,Tylenol,0.8041874,0.4104486,0.33325842,0.81167316,0.5167415,0.43627086,0.70934427,0.44638738,0.4316463,0.92617035,0.9990419,0.99734336
Plavix,Coumadin,0.8887042,0.8014402,0.7280494,0.93582517,0.90018123,0.8644564,0.80535984,0.7321688,0.67889917,0.90753293,0.99256814,0.9972967
Gastroenteritis,Dysentery,0.89898866,0.76194215,0.9014182,0.91708434,0.7764242,0.6397728,0.80211854,0.7172361,0.71964717,0.9170587,0.9896028,0.9909313
Epilepsy,Hepatomegaly,0.8372849,0.30124983,0.2402964,0.84766376,0.47632322,0.31860778,0.67373735,0.29626536,0.29856154,0.9483063,0.99885315,0.9984302
Dyspnea,Serevent,0.74963796,0.40511304,0.31412834,0.7430806,0.66245776,0.5047568,0.6780013,0.38641512,0.3095161,0.92283124,0.9961625,0.9909352
Prilosec,Glucophage,0.8772372,0.7209339,0.68059874,0.86104405,0.7836764,0.6004803,0.7131841,0.55099785,0.5453507,0.91998184,0.9962779,0.9994917
Cisplatin,Zofran,0.8201599,0.66857076,0.60277605,0.82527363,0.71355736,0.622071,0.733583,0.5599375,0.47281808,0.91815096,0.99880064,0.9845258
Medrol,Prednisolone,0.8169269,0.6474751,0.54607844,0.85430706,0.7990493,0.73350257,0.4736488,0.35404992,0.34938574,0.9103783,0.9992869,0.99433655
Ischemias,Lipitor,0.79248154,0.54117876,0.49806607,0.7780305,0.5979309,0.5109136,0.74593145,0.48178586,0.5246016,0.9477198,0.99898887,0.992014
Scapulalgia,Nitroglycerine,0.79986995,0.50400764,0.38468283,0.8136942,0.6591113,0.5290899,0.6723639,0.35512906,0.3331,0.9039233,0.9987845,0.99516255
Mycosis,Blastomycoses,0.94632447,0.9086404,0.8824001,0.9332508,0.9024273,0.81787384,0.92421275,0.9121394,0.90667796,0.9123304,0.9896651,0.99919176
Nausea,Zofran,0.8707233,0.775399,0.58976597,0.7991392,0.78082067,0.7110823,0.8198806,0.72677433,0.6963181,0.9264982,0.99627906,0.9992427
Cholestyramine,Zetia,0.77521205,0.50401616,0.5078154,0.8227518,0.7424155,0.617769,0.731094,0.53405344,0.5035484,0.91926116,0.9887496,0.9986919
Weakness,Zocor,0.8253046,0.66315573,0.3901427,0.7692683,0.5553236,0.4141668,0.78823423,0.6528651,0.6078164,0.9221582,0.99901307,0.99925774
Urethrorrhea,Aphonia,0.8218258,0.32539928,0.32240406,0.82120955,0.5577014,0.37085378,0.7419605,0.38232258,0.38429642,0.8997118,0.9972918,0.9952234
Carboplatin,Cisplatin,0.963084,0.9476222,0.94626737,0.96204627,0.9521547,0.9384055,0.9181183,0.8872708,0.878325,0.9415386,0.9985538,0.99520993
Neuropathy,Syphilis,0.77026105,0.428992,0.35492888,0.88808155,0.59400904,0.52335364,0.69275045,0.41675425,0.37135822,0.94860595,0.98885316,0.9987753
Syphilis,Penicillin,0.8206625,0.6144556,0.5840539,0.8450282,0.80779546,0.72047746,0.7813087,0.6047119,0.56962824,0.95281804,0.99895775,0.9991244
Isosorbide,Toprol-XR,0.8420802,0.70800185,0.5632613,0.8378933,0.75715625,0.624127,0.7488028,0.5417827,0.518991,0.8956864,0.9805006,0.9880768
Nephritis,Pyorrhea,0.8234686,0.46600097,0.46176806,0.8777925,0.7404303,0.707988,0.7481685,0.39528263,0.39044547,0.9459405,0.99971676,0.9987729
Doxycyline,Penicillin,0.86897683,0.7553491,0.67011714,0.88943815,0.82951325,0.7649878,0.77418315,0.57982075,0.6171294,0.92763937,0.99613935,0.9863877
Uremias,Motrin,0.87491816,0.705048,0.5915096,0.82678974,0.73173535,0.5866647,0.6823975,0.48780602,0.50909066,0.92424506,0.9948234,0.9938356
Rales,Cyanosis,0.87904704,0.71715224,0.5628691,0.8473908,0.7491884,0.6953331,0.6831124,0.35766864,0.32425162,0.9387995,0.9538975,0.98236126
Hyperextension,Hunger,0.72654706,0.38370383,0.32133815,0.7634227,0.6333029,0.59520143,0.7941747,0.4835604,0.54199785,0.9028117,0.9991326,0.9856928
Mittelschmerz,Actonel,0.73197436,0.55937296,0.46116996,0.7660206,0.6316106,0.52607214,0.6052566,0.5158767,0.50185484,0.9050847,0.9893254,0.9910526
Cirrhosis,Hemochromatosis,0.8090372,0.4931927,0.5450603,0.85620046,0.5916152,0.6044674,0.82219183,0.5612724,0.5337046,0.90129036,0.99468434,0.9915252
Pancreatitis,Cataract,0.7734856,0.21874967,0.26241517,0.8330052,0.5240897,0.4972955,0.73761964,0.29338843,0.25855997,0.9492479,0.9996005,0.99481255
Pancreatitis,Maculopapule,0.8040091,0.28677633,0.38345012,0.8347303,0.51207745,0.507241,0.67682177,0.28790432,0.2508994,0.88886815,0.99656177,0.9965298
Thromboembolism,Dyspnea,0.8070931,0.6855218,0.6252408,0.7738675,0.5676175,0.5763893,0.7311882,0.5447516,0.45467687,0.9336124,0.99636227,0.9992931
Hepatitis,Hepatomegaly,0.91127014,0.8863772,0.8739816,0.91771567,0.91064566,0.86946225,0.6645843,0.4311049,0.40383822,0.9509845,0.9984758,0.9909218
Hyperacusis,Aphonia,0.8661337,0.6258534,0.58774805,0.88018703,0.7057452,0.6259893,0.7943181,0.7071756,0.6001934,0.90845877,0.9996618,0.99849284
Thrombocytopenia,Heartburn,0.76176685,0.45419317,0.44842818,0.77030575,0.5488851,0.54386806,0.5249268,0.35297474,0.31100392,0.90381527,0.99086714,0.9987181
Appendicitis,Peritonitis,0.87019646,0.8319713,0.88771456,0.90191674,0.90973145,0.9183455,0.7961627,0.6317511,0.64693534,0.9234824,0.9828622,0.9923588
Metatarsalgia,Colchicine,0.8007932,0.47105134,0.3999825,0.8119801,0.63563764,0.39780122,0.6164731,0.31438747,0.24294803,0.90141004,0.9971198,0.9907152
Bandemia,Granulocytosis,0.7886265,0.5810267,0.64092046,0.8559854,0.63552785,0.59157157,0.66837376,0.4986089,0.5080256,0.9458132,0.99948686,0.9987693
Levophed,Propofol,0.81456244,0.5757847,0.50548404,0.878927,0.77435493,0.74498796,0.6922915,0.37977457,0.42121142,0.9196205,0.99959576,0.99236023
Rheumatism,Polyarthritides,0.9225022,0.87563014,0.8764908,0.90487885,0.8049205,0.79811126,0.81239545,0.7839091,0.7423421,0.910053,0.9985948,0.9954515
Chills,Snoring,0.7839898,0.44007123,0.37350303,0.80046904,0.6710565,0.48055944,0.71634007,0.47602147,0.3592019,0.9386623,0.9988892,0.99958426
Camelpox,Echinacea,0.87353647,0.7261164,0.6972306,0.779247,0.65906686,0.47213024,0.6465779,0.44350642,0.48123288,0.92280996,0.99923503,0.98643917
Overnutrition,Sandimmune,0.79115283,0.56511176,0.5222956,0.7893299,0.5936841,0.58503646,0.687891,0.45901567,0.46117643,0.8701683,0.9955311,0.9421263
Leukopenia,Bleomycin,0.7869739,0.5639143,0.55673176,0.86341554,0.80959314,0.74585974,0.7298437,0.5600542,0.53036433,0.9554368,0.999715,0.9951928
Synthroid,Armor Thyroid,0.79700065,0.7081788,0.54258347,0.83844846,0.7642076,0.64669317,0.86205155,0.8151392,0.72763467,0.92763364,0.9986551,0.9776496
Atherosclerosis,Urethrorrhea,0.79555565,0.2659912,0.3823148,0.840831,0.51352894,0.43772706,0.6740004,0.37410453,0.35322922,0.89727134,0.99438715,0.9987335
Fibrillation,Synthroid,0.746337,0.40799704,0.3971547,0.7974181,0.6379663,0.5907697,0.7320094,0.48045486,0.522415,0.9293796,0.9974152,0.9870853
Thrombophilias,Coumadin,0.8184645,0.5980934,0.5867423,0.8611187,0.78374785,0.734959,0.6942506,0.50420594,0.50798273,0.9170959,0.99861366,0.9877656
Hemiplegia,Headache,0.73448503,0.48283952,0.68332386,0.7961918,0.7021288,0.61093986,0.726328,0.6520464,0.41337156,0.927686,0.9996815,0.9991954
Atherosclerosis,Toothache,0.7591455,0.44104135,0.40329063,0.77284557,0.5468617,0.41334164,0.6500429,0.43898386,0.34741065,0.9021791,0.9966369,0.9965337
Clonus,Spasm,0.85868806,0.60804605,0.50727594,0.8844973,0.8299965,0.7375379,0.8657296,0.8086959,0.68515754,0.936772,0.9996895,0.99955136
Pyorrhea,Nephritis,0.8234686,0.46600097,0.46176806,0.8777925,0.7404303,0.707988,0.7481685,0.39528263,0.39044547,0.9459405,0.99971676,0.9987729
Dyspnea,Narcan,0.7745855,0.42731497,0.29949167,0.789042,0.6430205,0.47567883,0.6125799,0.3726803,0.30751225,0.9269895,0.9994943,0.99909747
Brucellosis,Narcan,0.8160622,0.60613096,0.50193167,0.82592535,0.6892929,0.58506525,0.65585196,0.4856844,0.45596203,0.94675535,0.99829656,0.99383605
Meningism,Hyperesthesia,0.8215928,0.58311766,0.46763992,0.809729,0.57064795,0.4121145,0.74835676,0.5606227,0.39039034,0.8787362,0.99848217,0.9852827
Thalassemia,Iron,0.7672187,0.5660347,0.5087,0.78337187,0.60478324,0.5611712,0.6310907,0.48636746,0.44092986,0.89904535,0.99719435,0.99895686
Nitroglycerine,Toprol-XR,0.7896143,0.599755,0.47432286,0.82174194,0.72044647,0.61690354,0.6951669,0.44812676,0.43838912,0.90700096,0.99625546,0.9919929
Allergy.,Meningism,0.80108446,0.44063336,0.40503132,0.8213157,0.5593046,0.48760554,0.7418308,0.3968619,0.30879703,0.94788635,0.9997015,0.9914781
Hyperoxia,Xenical,0.83277893,0.6888598,0.62424445,0.8188627,0.6489069,0.57583046,0.7901121,0.5222867,0.43379492,0.94112164,0.9960183,0.9863162
Airsickness,Osteoporosis,0.77360547,0.5355824,0.44387293,0.7903013,0.6545311,0.54351836,0.6612412,0.42913005,0.32517505,0.93853736,0.9996352,0.99744976
Constipation,Cardizem,0.7297273,0.013097435,0.0926772,0.78206664,0.5183623,0.3116444,0.63538545,0.08535456,0.2028539,0.91966105,0.998944,0.99733955
Candidiasis,Mycosis,0.90182143,0.8286047,0.8294959,0.90094984,0.83125126,0.7364677,0.8457915,0.78586525,0.7970756,0.9487842,0.99004686,0.99488753
Zocor,Fish Oil,0.8078491,0.7077272,0.58223486,0.76334685,0.71822536,0.59167176,0.74333346,0.5615424,0.47649783,0.93213123,0.9994916,0.98998564
comatose,Anoxemia,0.77260226,0.45365304,0.38067842,0.83649635,0.47432363,0.44822267,0.81984895,0.5748929,0.56638813,0.9130182,0.9958119,0.9958747
Angina,Cardialgia,0.81027186,0.7227608,0.8156511,0.89175373,0.83886313,0.7426342,0.71039003,0.7032722,0.6500641,0.91512835,0.99851036,0.994907
Vasculitis,Convulsion,0.765058,0.41419154,0.27002922,0.87607056,0.6565165,0.54969585,0.7513962,0.5001368,0.43532676,0.93929386,0.9990522,0.9976679
Syncope,Xanax,0.7949861,0.35496706,0.33126903,0.8068676,0.5758703,0.52895355,0.75547945,0.5328511,0.4441368,0.9505472,0.9995506,0.99559224
Gonorrhea,Xenical,0.78208756,0.4659522,0.4603359,0.7845634,0.6984452,0.588463,0.6213479,0.39662188,0.37438974,0.9391198,0.99508536,0.99906003
Schistosomiasis,Parasitemia,0.8204282,0.73091555,0.7435996,0.8715652,0.8104972,0.72253,0.6511642,0.5847266,0.5874747,0.9391513,0.9997923,0.9991956
Lipitor,Zocor,0.8666666,0.7973128,0.63678515,0.83662736,0.7614402,0.6430572,0.79417133,0.6342386,0.61113876,0.9253124,0.9991946,0.99962926
Snoring,Welts,0.75780135,0.4983252,0.3932488,0.7774426,0.64733374,0.43931893,0.62607723,0.4458212,0.38523623,0.937219,0.9975,0.9988483
Anoxemia,Ataxia,0.8311155,0.46030033,0.3288738,0.9028075,0.55178094,0.4639346,0.78503627,0.3979054,0.3076497,0.9317727,0.99846447,0.98913544
comatose,Cataracts,0.75811696,0.59774613,0.5209503,0.81630784,0.5801055,0.54357946,0.7734561,0.4466319,0.38060346,0.9405285,0.99442077,0.9994209
Wellbutrin,Endep,0.83290017,0.44561124,0.24550529,0.7714581,0.6995221,0.4737169,0.77645767,0.65991735,0.6548529,0.90274066,0.99872005,0.9887041
Anosmia,Constipation,0.7681658,0.2317495,0.41569987,0.8524096,0.75803137,0.6595609,0.72535586,0.35212782,0.45363545,0.93194026,0.99207366,0.9968041
Headache,Flushing,0.8211115,0.5634612,0.21576162,0.7547971,0.5092838,0.47648317,0.8556239,0.6825337,0.75657415,0.94514984,0.9993821,0.998345
Bandemia,Nausea,0.8968745,0.7821792,0.56756544,0.79785204,0.7357514,0.700668,0.8810621,0.7948518,0.7688737,0.95252216,0.99754655,0.99713564
Phenobarbital,Valproic Acid,0.8185004,0.6653063,0.6522331,0.87352693,0.7730987,0.6808671,0.77064097,0.6704252,0.6689185,0.9128302,0.99786353,0.99631345
Bleomycin,Antabuse,0.8275572,0.7116072,0.622723,0.8301948,0.7822318,0.65758,0.76021457,0.5944913,0.51564294,0.9472467,0.9994567,0.99097276
Avitaminoses,Starvation,0.8071551,0.706619,0.6430041,0.732052,0.6444236,0.54456675,0.7640976,0.62395865,0.6149552,0.8983238,0.99784654,0.98988247
Mycosis,Medrol,0.82286614,0.6807099,0.6169995,0.821727,0.7545825,0.6424029,0.5668628,0.49815533,0.5174694,0.9462582,0.97930545,0.99933326
Polyarthritides,Arthralgia,0.8971294,0.82337,0.7778031,0.8904736,0.82417285,0.78571874,0.8321587,0.741368,0.699727,0.91302216,0.9993253,0.9926798
Cardiomyopathy,Angina,0.83103454,0.86581945,0.77978814,0.86095834,0.7697134,0.7288383,0.7887809,0.76424074,0.6570556,0.92545533,0.99950343,0.9996574
Cirrhosis,Zocor,0.7621846,0.37331057,0.37245744,0.7327836,0.57491446,0.41956675,0.71290445,0.30443665,0.27248648,0.90630937,0.99605453,0.9988284
Hunger,Starvation,0.94248176,0.88322544,0.71673864,0.80913347,0.8465204,0.58096653,0.9468876,0.91452014,0.8976991,0.9483718,0.99933374,0.998472
Hypothyroidism,comatose,0.80352694,0.5285619,0.4159944,0.78773427,0.5954521,0.5740346,0.6788756,0.46666887,0.41337845,0.9401606,0.99856585,0.99601424
Influenzae,Amantadine,0.7055918,0.46906418,0.44268638,0.79948914,0.7065344,0.62585884,0.7150634,0.50266385,0.47960022,0.9388659,0.9995971,0.9960455
Tylenol,Motrin,0.9020587,0.8173351,0.6857583,0.90602803,0.8585255,0.76383746,0.7590041,0.64213145,0.66082454,0.93577397,0.9997794,0.99593973
Hyperoxia,Anoxemia,0.91410136,0.8784603,0.8458147,0.9214082,0.8807258,0.8289865,0.8820643,0.81234443,0.8386113,0.90945745,0.9993535,0.9925059
Ischemias,Isosorbide,0.7681658,0.55093193,0.47520876,0.7841178,0.64241534,0.59281635,0.73658705,0.57209206,0.53657603,0.92129904,0.9966792,0.9877434
Anovulation,Torticollis,0.84210545,0.41069317,0.33691567,0.8393119,0.46291068,0.36849454,0.6636111,0.46491838,0.3937461,0.9197862,0.9962492,0.9964477
Tuberculosis,Hemoptysis,0.7843133,0.45640922,0.38785136,0.77850586,0.6801486,0.5778992,0.65352273,0.47480655,0.3382403,0.954639,0.99642324,0.996114
Hypothyroidism,Tiredness,0.7887449,0.63155204,0.53881335,0.72836316,0.6154266,0.52694005,0.66825265,0.4940746,0.44557285,0.9430131,0.99881095,0.9984063
Syphilis,Dementias,0.7720715,0.41534516,0.37285888,0.8676803,0.74219537,0.59926164,0.72196513,0.5104654,0.42864746,0.9322663,0.99859375,0.9982396
Carboplatin,Zofran,0.79486686,0.63100815,0.5722799,0.8052839,0.66025746,0.56252587,0.7056019,0.5299531,0.49306202,0.934499,0.9996278,0.99683946
Drooling,Chills,0.8203409,0.4458515,0.39321575,0.7991718,0.55306244,0.46461105,0.8078976,0.65812767,0.61918026,0.940081,0.99974453,0.9989987
Arthritis,Underexertion,0.771632,0.56233954,0.49472803,0.7745231,0.67010427,0.59600043,0.7171178,0.59882283,0.6302143,0.8890393,0.9979039,0.99640465
Diabetes,Polyuria,0.83730155,0.415312,0.47431755,0.8618816,0.7354895,0.56458485,0.81500363,0.6676936,0.52073234,0.95756274,0.99716645,0.9978998
Hemoptysis,Hematemesis,0.88223904,0.47383565,0.4611889,0.90424013,0.7434343,0.6837516,0.8253243,0.44374865,0.33031335,0.94878155,0.9982258,0.99787056
Proteinuria,Lisinopril,0.7709574,0.4455942,0.4116022,0.79786247,0.7000855,0.54860485,0.7834393,0.7010069,0.63795584,0.9161609,0.9989433,0.99940884
Pallor,Albumin,0.8524871,0.6457486,0.5983397,0.74149936,0.5120493,0.40054017,0.8418011,0.71328807,0.65172184,0.9311062,0.99974626,0.9973532
Syphilis,Gonorrhea,0.8710665,0.78049576,0.77024996,0.847306,0.7247022,0.6375309,0.7808122,0.7078539,0.6767795,0.9293941,0.9983367,0.99893296
Cataracts,Scapulalgia,0.8205142,0.5366549,0.49774998,0.85475314,0.7618772,0.58517385,0.7679266,0.45823574,0.45788687,0.91300654,0.99191576,0.9872022
Epilepsy,Ativan,0.7421153,0.41025698,0.34203213,0.79791033,0.6080309,0.552148,0.5635047,0.32846236,0.26285514,0.91513574,0.9991264,0.9922563
Adenitis,Stridor,0.8740747,0.6109346,0.64455974,0.8182477,0.7342733,0.6168953,0.7988629,0.5783509,0.56801444,0.89536005,0.99712265,0.9995204
Heartburn,Pepcid,0.83103573,0.61498857,0.6232474,0.77712554,0.7088114,0.57443905,0.75936145,0.5206184,0.38261095,0.9246867,0.9987877,0.99424344
Clubbing,Spiriva,0.8215449,0.66444194,0.4926519,0.80590296,0.6128657,0.47931102,0.80529594,0.71370816,0.6084124,0.9316628,0.9959361,0.99399173
Asthma,Urolithiasis,0.7989499,0.32458803,0.29892847,0.84006584,0.57157636,0.5026282,0.7200621,0.45196488,0.36843058,0.9340194,0.9991821,0.9988183
Thromboembolism,Coumadin,0.7891122,0.47197518,0.51527053,0.80419874,0.6891856,0.6288347,0.6323926,0.40861875,0.333487,0.9279934,0.99954724,0.9908526
Fibrillation,Halitosis,0.7900153,0.4057997,0.3689674,0.79001397,0.64458835,0.6017711,0.743768,0.44358042,0.38261667,0.92284894,0.99130595,0.99320173
Glomerulosclerosis,Proteinuria,0.8331154,0.68988097,0.7476107,0.84953403,0.69492984,0.64801586,0.659066,0.6420954,0.6153446,0.88328725,0.99468434,0.99782515
Nocturia,Diabetes,0.76961577,0.28613392,0.37210345,0.79750794,0.5690522,0.4003651,0.60176206,0.30848995,0.27864978,0.9248172,0.997032,0.9949942
Seizures,Calamine,0.85125613,0.58840823,0.4415264,0.81414425,0.6141501,0.51848614,0.8506347,0.6621569,0.68723536,0.9471886,0.99844337,0.9977402
Scapulalgia,Metatarsalgia,0.8811116,0.7329277,0.67198455,0.91317606,0.8281302,0.7119026,0.80574757,0.66602266,0.6560788,0.8995234,0.9970814,0.99924123
Allopurinol,Colchicine,0.8305656,0.6378484,0.58492863,0.8847573,0.80941665,0.67684513,0.70932966,0.5410161,0.47276813,0.91935307,0.9980216,0.998857
Hemochromatosis,Arthralgia,0.7885571,0.4926874,0.45931888,0.86694944,0.696068,0.5856901,0.78803515,0.55693984,0.5149274,0.920753,0.9970096,0.9934652
Amantadine,Tamiflu,0.873467,0.7925354,0.70964634,0.8775084,0.84702766,0.7675626,0.7450852,0.61806685,0.5233266,0.898657,0.99728024,0.99721134
Meningitis,Ceftiaxone,0.78940356,0.53902465,0.530354,0.804064,0.6305429,0.5931311,0.78317386,0.58277196,0.59466463,0.9226278,0.99808663,0.9990047
Myositis,Lipitor,0.8445131,0.58811665,0.48366857,0.8042672,0.66160583,0.55323184,0.67309684,0.4919942,0.45868394,0.94575775,0.9990906,0.9991364
Pneumonia,Cyanosis,0.8707756,0.7543348,0.6395514,0.8216056,0.77736366,0.649754,0.6638675,0.37252888,0.33401954,0.93498605,0.9986586,0.9954461
Thromboembolism,Syncope,0.8358811,0.74666566,0.6728587,0.8438126,0.7503356,0.7190317,0.6806184,0.55068415,0.45022133,0.9543341,0.99859977,0.9976033
Cluttering,Nitroglycerine,0.76360476,0.53975904,0.4678172,0.80548936,0.7227691,0.6153185,0.66619897,0.36603916,0.3893165,0.9292626,0.99602884,0.9945446
Thrombocytopenia,Arthritis,0.80709183,0.5381282,0.5215329,0.8347244,0.6419762,0.61644566,0.539815,0.36629823,0.30752993,0.9356212,0.9977426,0.9992502
Syncope,Atenolol,0.77317774,0.7571194,0.68438554,0.80848587,0.6879142,0.66939366,0.71103907,0.70133054,0.64343154,0.9295377,0.9948554,0.9843454
Tremor,Sinemet,0.7814147,0.49351218,0.407225,0.8229375,0.61960673,0.51729596,0.81696606,0.64521587,0.59955096,0.9336229,0.9519695,0.99508077
Epilepsy,Anosmia,0.8192773,0.4708861,0.35945287,0.86036694,0.4914974,0.44831964,0.7065905,0.43007505,0.315561,0.90639746,0.9943745,0.99875
Agitation,Synthroid,0.8158881,0.7077366,0.6089456,0.80152494,0.7189629,0.61851346,0.871924,0.83280987,0.79405224,0.92554927,0.99828374,0.9976828
Anovulation,Emaciation,0.8700038,0.66219836,0.5939719,0.8965434,0.8200087,0.7175301,0.77018285,0.5550789,0.4640754,0.9185998,0.99939865,0.9940982
Erythema,Dilantin,0.79636407,0.56428796,0.5491504,0.7642461,0.57709783,0.3781792,0.7348842,0.5182291,0.5059739,0.924726,0.98800224,0.9985024
Dehydration,Candidiases,0.80744016,0.60982674,0.5925179,0.8122488,0.71949077,0.60449433,0.7368754,0.5349178,0.5071942,0.9389443,0.9976377,0.9959938
Rales,Hyperacusis,0.8293261,0.6352908,0.5306287,0.7772284,0.67069536,0.6359073,0.7168006,0.5359661,0.5657529,0.9235735,0.9396861,0.9845392
Cortisone,Adenosine,0.7618741,0.5216345,0.5101261,0.89708185,0.85201716,0.7833842,0.7104573,0.5253044,0.4404775,0.9278817,0.99762267,0.9962063
Headache,Tylenol,0.8280262,0.6953311,0.5069577,0.79355574,0.6495633,0.5628568,0.74995714,0.5299611,0.5495158,0.9270382,0.9973627,0.9995178
Arthritis,Metatarsalgia,0.8289319,0.6466514,0.5725559,0.88876355,0.832149,0.63954425,0.67703307,0.4485163,0.33749893,0.8972823,0.9992293,0.995608
Erythema,Tremor,0.8072202,0.51679915,0.43188676,0.82019407,0.59323907,0.3689065,0.7209488,0.50831294,0.4469312,0.9286474,0.9591893,0.9946922
Obesity,Snoring,0.8142153,0.53381544,0.4979024,0.8256074,0.7144228,0.54107857,0.6999028,0.5256159,0.44364777,0.9529675,0.9972291,0.99941045
Dyspnea,Cyanosis,0.87036204,0.6314637,0.63699806,0.82695466,0.7303482,0.6349398,0.8380092,0.8559668,0.82122767,0.9098315,0.9990789,0.99899566
Uremias,Nausea,0.8567052,0.6918857,0.54970884,0.790921,0.7064482,0.61107254,0.8489555,0.6513514,0.61082983,0.9580859,0.99712425,0.9990107
Prostatism,Prostatorrhea,0.93316936,0.8885021,0.87947273,0.9351023,0.89541364,0.88286567,0.8345218,0.85715765,0.8656354,0.9759444,0.9991354,0.998587
Hemoglobinopathy,Pain,0.7363662,0.48224235,0.42782617,0.6816325,0.4953395,0.40804365,0.5969881,0.40166968,0.41870296,0.9180541,0.997912,0.99696165
comatose,Hyperglycemia,0.821704,0.53247297,0.4352547,0.8340188,0.6035434,0.5828255,0.79191667,0.5565078,0.54497004,0.9408587,0.9948983,0.9963438
Weakness,Emaciation,0.8767066,0.7014419,0.47852707,0.79742646,0.506358,0.23451608,0.7407118,0.5707673,0.555804,0.91907907,0.9978383,0.9984735
Dyspnea,Spiriva,0.7800579,0.429353,0.38496783,0.811015,0.77757776,0.71583223,0.6814077,0.3894461,0.266268,0.93609846,0.9950224,0.99841446
Dyslipidemia,Activase,0.7750293,0.5430223,0.52313876,0.7511952,0.6289663,0.5586555,0.68118984,0.4447674,0.39843228,0.94366807,0.99419415,0.999366
Leukopenia,Penicillin,0.76383686,0.4725191,0.4397137,0.8470136,0.7794235,0.6997938,0.72724015,0.5368916,0.50111485,0.94553125,0.99849397,0.9967414
Meningitis,Meningism,0.9572237,0.9290825,0.8867099,0.97800165,0.9761698,0.95010257,0.9343465,0.92490584,0.92286325,0.98917526,0.9985951,0.99974144
Weakness,Glucagen,0.8203675,0.5547083,0.32151246,0.74383575,0.47955236,0.3078632,0.68715733,0.3329541,0.3836954,0.9413718,0.9986646,0.9995209
Constipation,Calan,0.7095326,0.16070428,0.26211777,0.77834004,0.72574335,0.6643412,0.62280303,0.2153125,0.26575482,0.9532206,0.99881285,0.99567044
Fibrillation,Atenolol,0.77056235,0.72145224,0.5955226,0.8303466,0.7337986,0.7190611,0.74202293,0.6720069,0.5393453,0.91344965,0.99631494,0.9940393
Goiter,Vasculitis,0.77501863,0.5387591,0.51232606,0.8681245,0.6710199,0.5653589,0.7525042,0.53909427,0.4608127,0.95224726,0.99975246,0.99604416
Nocturia,Bacitracin,0.7803205,0.36244217,0.34090757,0.8124193,0.6428035,0.52213943,0.63117874,0.36420223,0.3756865,0.92348915,0.99935263,0.98853886
Hyperthyroidism,Osteoporosis,0.846872,0.64986676,0.6150653,0.90254605,0.7990959,0.7502053,0.76247376,0.53437924,0.51283324,0.93467265,0.99805796,0.9897131
Dyslipidemia,Hyperlipidemia,0.97860485,0.9743558,0.97730124,0.9737534,0.9685149,0.95227975,0.9593125,0.95563626,0.95406854,0.9405973,0.9842006,0.9928149
Pallor,Blanching,0.8614254,0.69537425,0.616555,0.84766287,0.6285838,0.49114516,0.8173715,0.6791433,0.61685467,0.90952605,0.99763775,0.99717903
Vfend,Prozac,0.89314157,0.8222523,0.67683375,0.8455491,0.8325744,0.70113266,0.8224312,0.7002799,0.6551198,0.9350867,0.99627,0.99587244
Hemoptysis,Protamine Sulfate,0.8127159,0.42715925,0.4250791,0.8081547,0.6485982,0.5387516,0.70343685,0.39759108,0.3058546,0.9119052,0.9948349,0.9986092
Mastodynia,Earache,0.8659569,0.6323174,0.49975353,0.8816811,0.7972889,0.65806526,0.7717988,0.5000622,0.43958604,0.89192027,0.9937975,0.99123156
Rales,Lasix,0.9211556,0.86395764,0.7352411,0.7441284,0.6480404,0.5904292,0.8808563,0.77670896,0.7791124,0.91587687,0.95615625,0.99940556
Anemia,Coumadin,0.86849236,0.74218583,0.62663734,0.8759651,0.8099706,0.7305509,0.76079065,0.572989,0.57735443,0.9095652,0.9993703,0.9956339
Sinemet,Sinemet,0.99999976,0.99999994,1.0000001,0.9999998,1.0000001,1.0000004,1.0,1.0,1.0,1.0000002,0.99999994,1.0000001
Dermatitis,Aloe Vera,0.8115559,0.629501,0.5948609,0.81326,0.7013715,0.6449463,0.620457,0.43692923,0.3877226,0.8887998,0.9931083,0.99509233
Coccidioses,Medrol,0.8251542,0.64758205,0.62747574,0.7722028,0.632649,0.51009125,0.5314672,0.42352358,0.44684398,0.8961246,0.99863636,0.9994649
Tiredness,Hypersomnolence,0.8152108,0.63156426,0.6427531,0.8262441,0.76381683,0.70235264,0.7488451,0.6244796,0.5189146,0.89839494,0.9981573,0.9857332
Polyuria,Ketonuria,0.88269496,0.61172605,0.7040832,0.90930474,0.81951034,0.72205776,0.81600446,0.6275204,0.61416364,0.9358046,0.9976228,0.99750227
Toothache,Ataxia,0.83185375,0.48351735,0.45995346,0.8761891,0.72937787,0.5791458,0.79503495,0.5655177,0.4196066,0.9226397,0.9981606,0.99250865
Mannitol,Tylenol,0.8862496,0.7816472,0.72406816,0.8762407,0.84392023,0.7731356,0.7564764,0.46922195,0.5220683,0.9363779,0.99917436,0.9993104
Otitis,Meningism,0.8886173,0.5489593,0.50351334,0.8835601,0.6894164,0.5080179,0.8142278,0.60101795,0.47549012,0.939199,0.9997686,0.99823606
Clonus,Wellbutrin,0.7894264,0.48822927,0.28538153,0.7671039,0.5860252,0.4733442,0.7819069,0.44435462,0.49827302,0.90095246,0.9987838,0.99308455
Anemia,Plavix,0.8113451,0.66459024,0.52295464,0.84056973,0.743402,0.6301674,0.779388,0.6032304,0.59238815,0.9440208,0.99614584,0.99928796
Fish Oil,Zocor,0.8078491,0.7077272,0.58223486,0.76334685,0.71822536,0.59167176,0.74333346,0.5615424,0.47649783,0.9321311,0.9994916,0.9899858
Nocturia,Ethanol,0.7801688,0.28791344,0.3747838,0.7921634,0.62233686,0.4950738,0.50465417,0.2230276,0.23968676,0.9039374,0.97007275,0.99572766
Weakness,Cortisone,0.78890896,0.55499154,0.35631847,0.77592075,0.5534632,0.41017196,0.65213823,0.47111,0.40536582,0.9344968,0.99962175,0.9981314
Dyslipidemia,Constipation,0.7933804,0.31817997,0.39237374,0.8292092,0.5733538,0.5084433,0.74376327,0.33562285,0.3933521,0.9519489,0.9931625,0.9992883
Mycosis,Prostatism,0.81206316,0.4897278,0.35949868,0.8450791,0.69083995,0.5240159,0.6163911,0.34379503,0.308749,0.9267273,0.9820522,0.9930829
Dementia,Aloe Vera,0.7826115,0.4914661,0.4563099,0.7834685,0.6524726,0.5494698,0.6842324,0.5398405,0.5217369,0.8899329,0.9981632,0.97956467
Dysentery,Esmolol,0.76476747,0.3232842,0.227936,0.8155849,0.74222064,0.6413248,0.5767038,0.27366275,0.31046313,0.93641734,0.9990983,0.9979277
Plague,Vivarin,0.8359114,0.7422912,0.65280443,0.80722713,0.61515296,0.60204494,0.8168823,0.6762477,0.523965,0.9527848,0.9990493,0.99263155
Rabies,Silvadene,0.80668986,0.6318938,0.55176926,0.79085016,0.6779421,0.5883131,0.7301513,0.6013387,0.5697255,0.9035857,0.99889463,0.99803686
Influenza,Pneumoniae,0.8794985,0.7307366,0.70674396,0.8898908,0.8710464,0.79959023,0.8349861,0.6607015,0.6502564,0.9230516,0.9995235,0.99934554
Rabies,Head-Face-Neck-Syndrome,0.81804925,0.6301453,0.56285983,0.8329816,0.580532,0.6065335,0.68075204,0.44314325,0.386321,0.8453567,0.9876216,0.9889184
Plavix,Insulin,0.8229487,0.7150945,0.5490773,0.8003005,0.6591831,0.5518805,0.7791085,0.63974446,0.6667064,0.93121225,0.9963395,0.99136555
Giardiasis,Mannerism,0.7934871,0.40024555,0.43476462,0.83860886,0.6740585,0.46402562,0.6828353,0.40710798,0.40742588,0.92831814,0.99793184,0.99272776
Psoriasis,Atherosclerosis,0.8209261,0.51958287,0.56784713,0.83312905,0.63712466,0.5272421,0.6773993,0.45323083,0.43693414,0.9623328,0.9989935,0.9967144
Propranolol,Bactroban,0.7453215,0.44246548,0.3912832,0.8348196,0.6885868,0.611616,0.68045217,0.5031417,0.465338,0.92394614,0.99858963,0.9973496
Toothache,Hytrin,0.87575364,0.6921541,0.55765814,0.7922801,0.68918514,0.6237871,0.7798302,0.667797,0.6833004,0.9266626,0.9997358,0.9963446
Dermatomyositis,Myopathy,0.88324237,0.6466024,0.680918,0.89134437,0.7287698,0.60796356,0.7587729,0.6840709,0.65650094,0.95632184,0.9949484,0.99865264
Starvation,Cisplatin,0.7853874,0.63409233,0.607837,0.6654733,0.5570797,0.45325333,0.7155327,0.54434913,0.45627064,0.9596874,0.9994752,0.9932762
Anovulation,Amenorrhoea,0.86455745,0.5174301,0.61455786,0.8394572,0.71564794,0.5243786,0.77667993,0.6472454,0.616096,0.96777445,0.99933416,0.9938731
Agranulocytosis,Anemia,0.83455455,0.6332394,0.6332989,0.8451534,0.7148858,0.63058186,0.66622865,0.48483077,0.51539046,0.9074046,0.9994478,0.9973465
Torticollis,Spasm,0.84551936,0.7790817,0.8045387,0.87277806,0.68947154,0.51610124,0.68231064,0.6288439,0.5490353,0.88821435,0.99929476,0.99939597
Tiredness,Calan,0.7931475,0.66948456,0.4956122,0.7245752,0.5763966,0.34165138,0.6905736,0.56816137,0.57295644,0.9544191,0.99308693,0.9911454
Calamine,Bleomycin,0.8354562,0.6599052,0.5722506,0.87756914,0.810894,0.7131597,0.72868294,0.5615996,0.5118147,0.95727456,0.9952656,0.9963254
Hemochromatosis,Vermox,0.82745457,0.6903053,0.5782497,0.8103768,0.68587494,0.5180969,0.6767049,0.5085856,0.46844926,0.92101157,0.99535507,0.97985923
Anovulation,Sinemet,0.8108139,0.65742517,0.54812926,0.8317858,0.7437824,0.5982691,0.7446381,0.56042516,0.55984104,0.9314026,0.99529356,0.99482906
Hyperextension,Bacitracin,0.7326777,0.43387753,0.4350673,0.7857599,0.6874187,0.58973205,0.73504984,0.46629182,0.44061267,0.8971428,0.99877286,0.96708745
Albuterol,Serevent,0.7402139,0.46837658,0.35972053,0.77771145,0.66728336,0.53136206,0.7718178,0.4751764,0.3028368,0.92741126,0.99063706,0.9948147
Arthritis,Amyloidoses,0.8107773,0.5518346,0.5352682,0.8507676,0.7446291,0.6128438,0.7331375,0.6125863,0.46847653,0.9077466,0.999061,0.9967051
Cyanosis,Primatine,0.8542334,0.60241646,0.351281,0.8402189,0.6921356,0.6126071,0.6955096,0.37204835,0.33657545,0.94584495,0.9991626,0.9909326
Pepcid,Zantac,0.86282533,0.61911166,0.5632165,0.8860972,0.839359,0.70768034,0.78283256,0.65484226,0.58113027,0.9212458,0.99655586,0.9957251
Epilepsy,Ischemia,0.80361825,0.45119423,0.20799169,0.8492729,0.4039648,0.38164523,0.7069107,0.40161574,0.39189252,0.97615993,0.99976134,0.99976933
Carsickness,Nausea,0.83299464,0.63023627,0.44147304,0.8331052,0.7393335,0.552378,0.78956413,0.6677321,0.6311879,0.94587135,0.99705887,0.99653286
Fibrillation,Cardiomyopathies,0.82294387,0.82957864,0.7028352,0.83539844,0.76447463,0.68601894,0.7110932,0.66620135,0.49327493,0.9449713,0.9997904,0.9986792
zoonosis,Plague,0.87408173,0.8470384,0.76544553,0.8212874,0.70060456,0.72042286,0.8648282,0.7328151,0.6629428,0.94776744,0.99813735,0.99433196
Meningism,Zovirax,0.8780563,0.6010399,0.55757374,0.84018046,0.62547547,0.5701653,0.74513066,0.53022486,0.4958375,0.9068439,0.99827176,0.99788237
Abortions.spontaneous,Listeriosis,0.83652395,0.52100813,0.5294215,0.80943245,0.66895944,0.55908406,0.7369328,0.4769397,0.41880077,0.8935915,0.99823403,0.98983574
Dyspnea,Agitation,0.7820051,0.3803472,0.26097924,0.7964245,0.64356744,0.56215143,0.6251258,0.32939926,0.24703692,0.91963965,0.99839103,0.9973264
Encephalitis,Headache,0.7563828,0.511106,0.6310584,0.76052266,0.6338747,0.5674906,0.6378801,0.55990225,0.41348726,0.9440588,0.9990869,0.9986967
Epilepsy,Actonel,0.7809288,0.475294,0.39327785,0.81972516,0.57547826,0.5203771,0.6161164,0.33645302,0.24512383,0.9236361,0.99653226,0.9971276
